session_id,visit_date,country,device_type,traffic_source,product_category_viewed,pages_viewed,time_on_site_minutes,added_to_cart,purchased,order_value_usd
1,13/04/2023,Australia,Mobile,Organic Search,Books,6,1.98,0,0,0.00
2,05/11/2023,UK,Mobile,Paid Ads,Fashion,5,5.01,0,0,0.00
3,14/07/2024,Australia,Mobile,Direct,Books,5,6.44,0,1,34.35
4,29/04/2024,Canada,Mobile,Referral,Beauty,4,4.8,1,0,0.00
5,30/03/2024,India,Mobile,Organic Search,Fashion,5,5.42,1,0,0.00
6,19/07/2024,USA,Tablet,Referral,Electronics,9,3.98,0,1,13.78
7,07/07/2023,Canada,Mobile,Direct,Books,4,7.16,1,1,123.82
8,19/08/2023,Australia,Tablet,Email,Fashion,7,7.9,0,0,0.00
9,04/09/2024,Germany,Tablet,Social Media,Electronics,6,9.45,1,0,0.00
10,05/04/2024,USA,Tablet,Email,Home,6,7.75,0,1,268.26
11,31/08/2023,UK,Mobile,Paid Ads,Home,9,4.6,0,0,0.00
12,19/09/2024,India,Mobile,Email,Electronics,5,5.34,1,0,0.00
13,25/10/2024,UK,Desktop,Referral,Home,9,3.85,0,0,0.00
14,03/10/2024,India,Tablet,Email,Sports,3,4.01,1,1,2.98
15,04/09/2023,India,Desktop,Organic Search,Sports,9,8.96,1,0,0.00
16,22/11/2023,UK,Tablet,Referral,Home,8,5.71,0,1,103.87
17,17/04/2024,Canada,Mobile,Direct,Electronics,5,6.03,0,1,88.14
18,28/03/2024,India,Tablet,Paid Ads,Home,10,6.59,0,0,0.00
19,04/12/2023,India,Mobile,Organic Search,Beauty,5,4.57,0,0,0.00
20,18/05/2024,UK,Desktop,Direct,Home,7,7.76,1,1,55.04
21,11/10/2023,USA,Desktop,Social Media,Fashion,7,5.98,0,1,77.00
22,06/02/2023,Australia,Desktop,Direct,Books,10,7.42,1,1,71.56
23,15/10/2023,Australia,Mobile,Referral,Books,5,6.9,0,0,0.00
24,12/02/2024,USA,Tablet,Direct,Fashion,11,9.56,1,0,0.00
25,26/10/2024,USA,Desktop,Email,Home,6,6.71,0,1,9.08
26,11/09/2024,Australia,Tablet,Referral,Fashion,3,10.78,1,1,7.24
27,26/08/2024,Australia,Desktop,Organic Search,Fashion,4,6.37,0,0,0.00
28,02/10/2024,India,Desktop,Email,Home,4,7.89,0,1,155.78
29,22/03/2024,India,Mobile,Referral,Books,5,5.32,0,0,0.00
30,04/04/2023,UK,Mobile,Direct,Beauty,6,4.37,0,0,0.00
31,23/01/2023,Germany,Tablet,Email,Fashion,5,6,0,0,0.00
32,16/01/2023,UK,Mobile,Paid Ads,Books,3,7.51,1,1,8.85
33,21/11/2024,Canada,Tablet,Social Media,Books,7,8.56,0,0,0.00
34,04/02/2023,Canada,Desktop,Referral,Beauty,6,9.9,0,1,64.62
35,29/12/2024,UK,Mobile,Paid Ads,Sports,8,4.66,1,1,146.47
36,08/06/2024,Germany,Mobile,Organic Search,Electronics,7,6.78,1,0,0.00
37,20/05/2024,USA,Tablet,Paid Ads,Books,9,5.75,0,0,0.00
38,11/08/2023,Germany,Tablet,Organic Search,Beauty,9,3.12,0,1,48.76
39,29/01/2023,Germany,Tablet,Email,Sports,8,4.56,1,1,56.24
40,14/06/2024,UK,Tablet,Organic Search,Books,3,4.64,0,0,0.00
41,27/12/2023,Australia,Mobile,Direct,Sports,6,5.9,0,0,0.00
42,27/02/2023,UK,Tablet,Social Media,Electronics,3,6.14,1,0,0.00
43,15/08/2023,UK,Desktop,Paid Ads,Beauty,4,7.97,0,1,30.24
44,12/01/2023,India,Tablet,Direct,Home,4,9.05,0,0,0.00
45,06/11/2024,Canada,Mobile,Referral,Electronics,7,2.17,1,1,87.19
46,11/07/2024,Australia,Desktop,Direct,Sports,6,6.28,0,0,0.00
47,09/01/2024,Canada,Mobile,Paid Ads,Home,10,8.07,0,0,0.00
48,01/06/2024,USA,Tablet,Referral,Electronics,10,4.3,0,1,29.06
49,03/02/2023,Canada,Desktop,Email,Electronics,6,6.34,1,1,145.71
50,15/09/2024,India,Desktop,Social Media,Fashion,12,6.72,0,1,200.62
51,16/04/2023,India,Mobile,Referral,Electronics,7,5.99,0,0,0.00
52,21/04/2023,India,Tablet,Email,Electronics,3,6.81,0,0,0.00
53,26/12/2023,Canada,Mobile,Paid Ads,Books,9,5.53,0,0,0.00
54,07/06/2024,Germany,Tablet,Paid Ads,Home,5,5.85,1,1,121.00
55,10/09/2023,Canada,Tablet,Email,Fashion,8,4.76,0,0,0.00
56,03/01/2023,Canada,Tablet,Direct,Fashion,6,4.38,0,0,0.00
57,30/09/2023,Australia,Desktop,Email,Books,5,4.19,1,1,30.95
58,03/02/2023,Australia,Desktop,Email,Sports,8,5.99,0,0,0.00
59,12/01/2024,Germany,Mobile,Paid Ads,Fashion,3,4.7,0,0,0.00
60,29/08/2024,India,Desktop,Organic Search,Sports,3,5.03,0,0,0.00
61,11/08/2023,Canada,Mobile,Referral,Fashion,4,5.98,1,1,92.80
62,15/12/2024,India,Mobile,Direct,Books,6,2.74,0,0,0.00
63,16/11/2023,India,Mobile,Organic Search,Electronics,6,6.1,0,0,0.00
64,11/10/2024,UK,Mobile,Referral,Fashion,9,7.15,1,1,56.72
65,11/01/2024,UK,Tablet,Email,Fashion,6,7.16,1,1,95.79
66,14/06/2023,Canada,Mobile,Direct,Sports,9,2.26,1,0,0.00
67,26/10/2024,Canada,Desktop,Paid Ads,Beauty,4,5.3,0,0,0.00
68,17/07/2023,Germany,Mobile,Organic Search,Electronics,8,5.03,0,0,0.00
69,16/10/2023,Australia,Desktop,Social Media,Beauty,5,6.81,1,0,0.00
70,16/08/2023,Germany,Desktop,Direct,Electronics,8,8.66,1,1,232.38
71,11/09/2023,Australia,Tablet,Direct,Electronics,8,5.59,1,1,69.12
72,20/11/2023,India,Desktop,Direct,Home,5,4.75,0,1,44.22
73,20/07/2024,India,Mobile,Paid Ads,Fashion,6,4.17,0,1,80.20
74,29/07/2023,Canada,Desktop,Paid Ads,Beauty,6,3.61,0,0,0.00
75,12/10/2023,USA,Desktop,Email,Fashion,3,6.55,1,0,0.00
76,25/03/2023,India,Desktop,Referral,Electronics,6,4.26,0,1,13.26
77,31/10/2024,India,Tablet,Referral,Electronics,3,4.57,1,0,0.00
78,13/07/2023,India,Mobile,Paid Ads,Beauty,6,6.21,0,1,96.87
79,28/03/2023,Germany,Desktop,Paid Ads,Beauty,8,5.41,1,0,0.00
80,17/08/2023,India,Mobile,Email,Electronics,4,7.63,1,1,28.94
81,14/06/2023,Germany,Desktop,Email,Home,4,8.73,1,0,0.00
82,01/07/2024,Germany,Tablet,Direct,Sports,8,7.54,1,0,0.00
83,13/09/2023,Australia,Tablet,Email,Fashion,7,7.94,1,0,0.00
84,25/04/2023,USA,Desktop,Paid Ads,Electronics,7,5.94,0,1,141.39
85,08/05/2023,Canada,Tablet,Referral,Electronics,5,8.3,1,0,0.00
86,08/12/2023,Australia,Desktop,Organic Search,Electronics,7,5.68,0,0,0.00
87,29/07/2024,Canada,Desktop,Referral,Sports,4,7.61,1,0,0.00
88,23/10/2023,USA,Mobile,Referral,Electronics,9,6.6,0,1,11.46
89,21/05/2024,USA,Mobile,Referral,Electronics,5,5.93,1,0,0.00
90,08/02/2023,Australia,Mobile,Email,Electronics,2,9.54,0,1,131.62
91,17/01/2023,Canada,Mobile,Referral,Sports,11,4.81,0,0,0.00
92,03/05/2024,India,Tablet,Organic Search,Beauty,5,7.64,0,0,0.00
93,17/05/2023,Australia,Tablet,Referral,Sports,5,6.27,0,0,0.00
94,18/03/2024,UK,Desktop,Paid Ads,Books,4,3.92,1,0,0.00
95,10/06/2024,Australia,Desktop,Paid Ads,Home,11,8.56,0,0,0.00
96,30/08/2024,Germany,Mobile,Direct,Books,12,4.25,0,0,0.00
97,31/10/2024,UK,Desktop,Social Media,Electronics,6,7.59,0,0,0.00
98,20/05/2023,India,Desktop,Referral,Sports,11,8.28,0,1,50.97
99,17/04/2023,India,Mobile,Referral,Fashion,4,5.01,1,1,58.36
100,26/07/2024,Canada,Desktop,Paid Ads,Home,9,1.51,0,0,0.00
101,14/07/2023,India,Mobile,Social Media,Home,8,4.24,0,1,31.99
102,15/08/2024,USA,Desktop,Referral,Books,7,5.98,1,1,141.27
103,24/07/2024,UK,Tablet,Direct,Sports,11,6.13,1,0,0.00
104,29/12/2023,India,Tablet,Referral,Home,3,9.13,0,0,0.00
105,08/06/2024,Australia,Mobile,Paid Ads,Home,8,6.69,1,1,61.87
106,10/08/2023,India,Mobile,Direct,Sports,9,6.56,0,0,0.00
107,29/07/2023,USA,Desktop,Social Media,Sports,7,9.13,1,0,0.00
108,05/03/2024,USA,Tablet,Social Media,Fashion,7,5.87,1,1,44.65
109,17/01/2024,Australia,Tablet,Social Media,Sports,6,5.29,0,1,124.61
110,12/06/2023,Germany,Desktop,Organic Search,Electronics,4,5.59,0,1,81.58
111,13/08/2024,Australia,Desktop,Social Media,Electronics,3,5.54,1,0,0.00
112,19/06/2024,India,Desktop,Paid Ads,Books,6,4.65,0,0,0.00
113,26/12/2024,UK,Mobile,Direct,Beauty,6,9.6,0,0,0.00
114,01/01/2024,Canada,Tablet,Email,Sports,10,5.35,0,0,0.00
115,03/11/2024,India,Mobile,Organic Search,Books,2,6.1,0,0,0.00
116,11/08/2024,USA,Tablet,Organic Search,Home,3,9.6,1,0,0.00
117,03/03/2024,Canada,Tablet,Paid Ads,Beauty,4,7.28,1,0,0.00
118,20/02/2024,USA,Mobile,Social Media,Home,11,4.84,0,0,0.00
119,12/01/2023,India,Desktop,Paid Ads,Books,6,5.95,0,1,65.42
120,23/12/2024,USA,Tablet,Organic Search,Home,7,10.28,0,0,0.00
121,28/11/2023,Canada,Desktop,Referral,Books,9,11.19,0,0,0.00
122,31/07/2024,USA,Mobile,Paid Ads,Fashion,8,6.82,1,0,0.00
123,03/06/2024,Germany,Mobile,Paid Ads,Books,7,4.21,0,0,0.00
124,19/08/2023,UK,Desktop,Direct,Books,6,5.72,1,0,0.00
125,28/02/2024,USA,Desktop,Paid Ads,Books,6,4.82,1,0,0.00
126,13/05/2023,India,Desktop,Organic Search,Beauty,5,2.1,0,0,0.00
127,23/07/2023,USA,Mobile,Email,Home,7,5.86,0,1,64.76
128,29/04/2023,UK,Mobile,Paid Ads,Electronics,3,6.38,1,0,0.00
129,30/08/2023,Australia,Mobile,Email,Home,2,4.21,1,0,0.00
130,04/07/2023,UK,Mobile,Social Media,Home,6,6.13,0,0,0.00
131,30/10/2024,Australia,Tablet,Email,Books,11,6.24,0,1,141.60
132,15/10/2024,Canada,Desktop,Organic Search,Electronics,6,8.37,1,0,0.00
133,18/11/2024,UK,Mobile,Referral,Home,4,8.45,1,0,0.00
134,26/04/2024,India,Mobile,Referral,Beauty,7,7.39,0,0,0.00
135,11/12/2024,UK,Tablet,Social Media,Beauty,7,3.62,1,1,84.12
136,26/03/2023,Canada,Tablet,Organic Search,Beauty,4,3.69,0,0,0.00
137,27/10/2023,Canada,Mobile,Social Media,Electronics,10,2.93,1,1,21.49
138,30/11/2023,Australia,Desktop,Organic Search,Sports,6,5.04,0,0,0.00
139,19/10/2024,Canada,Tablet,Direct,Books,8,7.9,0,1,37.99
140,20/01/2024,Australia,Tablet,Paid Ads,Home,4,6.49,1,1,263.49
141,13/01/2024,Germany,Mobile,Direct,Home,9,7.17,0,0,0.00
142,03/08/2024,Canada,Desktop,Direct,Electronics,5,7.36,0,0,0.00
143,30/03/2024,Australia,Desktop,Referral,Home,7,4.39,0,1,192.19
144,07/10/2023,Australia,Desktop,Social Media,Beauty,4,5.24,0,1,56.70
145,09/10/2024,Australia,Desktop,Referral,Fashion,7,3.31,1,1,118.91
146,27/02/2023,USA,Desktop,Direct,Beauty,8,7.12,0,1,70.67
147,27/07/2023,Australia,Tablet,Paid Ads,Sports,4,1.33,0,1,44.06
148,05/09/2023,Canada,Desktop,Email,Sports,7,7.01,1,0,0.00
149,25/04/2024,India,Desktop,Social Media,Fashion,5,7.16,0,1,77.16
150,19/09/2023,Germany,Tablet,Referral,Books,9,5.81,1,1,100.54
151,14/03/2023,UK,Desktop,Email,Beauty,3,7.2,0,1,110.63
152,10/09/2023,Australia,Mobile,Referral,Beauty,8,6.24,0,0,0.00
153,27/01/2024,Australia,Mobile,Direct,Electronics,4,5.18,1,1,83.49
154,22/03/2024,UK,Tablet,Direct,Books,6,5.57,0,1,177.08
155,25/02/2023,Canada,Desktop,Organic Search,Fashion,4,4.58,0,0,0.00
156,31/08/2024,Australia,Desktop,Paid Ads,Fashion,9,7.71,1,0,0.00
157,27/04/2024,USA,Mobile,Organic Search,Fashion,6,4.85,0,0,0.00
158,11/10/2024,Germany,Tablet,Organic Search,Beauty,7,1,0,0,0.00
159,09/04/2024,Germany,Tablet,Referral,Fashion,5,3.61,0,0,0.00
160,15/08/2023,Australia,Tablet,Email,Beauty,10,5.92,0,1,251.64
161,26/12/2024,Germany,Mobile,Paid Ads,Books,5,4.79,1,0,0.00
162,11/04/2023,Australia,Mobile,Organic Search,Beauty,2,7.59,1,0,0.00
163,17/01/2023,USA,Mobile,Direct,Sports,8,8.46,0,0,0.00
164,16/12/2023,Germany,Mobile,Referral,Fashion,4,7.9,1,0,0.00
165,25/11/2023,India,Desktop,Paid Ads,Beauty,4,6.07,1,1,40.85
166,29/05/2023,Australia,Tablet,Referral,Sports,4,6.08,1,0,0.00
167,15/10/2023,UK,Desktop,Referral,Books,5,3.91,0,0,0.00
168,18/02/2024,Canada,Desktop,Referral,Beauty,4,2.07,1,1,113.10
169,13/06/2024,USA,Tablet,Email,Beauty,7,5.28,0,1,83.06
170,24/06/2024,UK,Mobile,Direct,Home,5,2.57,0,0,0.00
171,25/02/2024,Canada,Desktop,Direct,Fashion,9,5.5,0,1,65.66
172,14/04/2023,UK,Desktop,Organic Search,Books,9,9.28,1,1,314.87
173,14/01/2023,UK,Mobile,Social Media,Home,9,8.42,0,0,0.00
174,13/04/2024,UK,Tablet,Organic Search,Fashion,1,7.24,0,0,0.00
175,07/07/2023,USA,Mobile,Email,Books,6,9.08,1,1,233.18
176,16/08/2024,USA,Tablet,Paid Ads,Electronics,3,4.02,1,1,88.65
177,27/04/2023,Germany,Desktop,Social Media,Sports,6,5.83,1,1,60.58
178,28/04/2023,Germany,Desktop,Organic Search,Fashion,6,5.26,1,1,140.18
179,26/07/2024,Germany,Desktop,Referral,Books,9,5.18,0,0,0.00
180,18/02/2023,India,Tablet,Email,Beauty,8,7.06,0,0,0.00
181,16/11/2024,India,Desktop,Social Media,Beauty,6,5.8,0,0,0.00
182,08/08/2023,Germany,Tablet,Direct,Books,7,5.59,1,0,0.00
183,07/09/2023,Canada,Tablet,Paid Ads,Beauty,5,7.57,0,0,0.00
184,18/07/2023,USA,Desktop,Email,Beauty,9,4.22,0,0,0.00
185,19/01/2024,India,Desktop,Social Media,Books,3,4.79,0,0,0.00
186,16/10/2023,Australia,Desktop,Direct,Fashion,5,9.26,1,1,62.49
187,31/05/2024,Germany,Mobile,Referral,Sports,8,4.34,0,1,38.52
188,01/02/2023,India,Desktop,Referral,Sports,5,5.88,0,1,52.70
189,26/01/2023,Australia,Mobile,Organic Search,Books,5,2.87,0,1,33.19
190,02/03/2024,Germany,Mobile,Email,Fashion,8,1.74,1,0,0.00
191,26/08/2023,India,Desktop,Email,Home,8,4.91,1,1,43.42
192,17/09/2023,USA,Desktop,Social Media,Home,9,4.15,1,1,147.50
193,01/10/2024,Germany,Desktop,Email,Home,3,7.16,0,0,0.00
194,01/12/2024,India,Desktop,Organic Search,Books,8,6.65,0,0,0.00
195,11/05/2023,Canada,Mobile,Social Media,Fashion,5,4.8,1,1,192.39
196,16/03/2023,Australia,Mobile,Direct,Electronics,8,3.64,1,0,0.00
197,29/03/2024,India,Mobile,Paid Ads,Electronics,8,8.38,0,0,0.00
198,20/09/2024,Canada,Mobile,Paid Ads,Fashion,6,6.56,1,0,0.00
199,18/03/2024,Germany,Tablet,Organic Search,Sports,6,7.49,1,0,0.00
200,18/08/2024,USA,Desktop,Direct,Home,3,7.08,1,1,123.59
201,14/03/2023,UK,Mobile,Referral,Sports,6,4.18,0,0,0.00
202,11/01/2024,Australia,Tablet,Organic Search,Fashion,4,6.18,1,1,49.87
203,23/09/2024,UK,Mobile,Referral,Electronics,3,7.59,1,0,0.00
204,04/02/2023,UK,Tablet,Direct,Beauty,6,9.44,0,0,0.00
205,04/02/2023,Germany,Tablet,Paid Ads,Electronics,9,5.83,1,0,0.00
206,20/08/2023,Canada,Tablet,Direct,Fashion,7,4.21,0,1,29.22
207,19/09/2023,India,Tablet,Social Media,Books,2,6.21,1,0,0.00
208,28/12/2023,Canada,Mobile,Referral,Electronics,6,5.06,0,0,0.00
209,18/02/2023,UK,Tablet,Email,Books,2,8.17,1,0,0.00
210,29/12/2023,UK,Mobile,Referral,Books,4,4.84,1,0,0.00
211,24/07/2024,UK,Mobile,Email,Beauty,7,3.24,0,1,9.39
212,25/09/2023,India,Desktop,Social Media,Books,7,7.62,0,1,98.30
213,20/11/2023,Germany,Tablet,Paid Ads,Beauty,5,5.74,0,0,0.00
214,15/04/2023,USA,Tablet,Referral,Books,6,6.15,0,0,0.00
215,29/03/2024,UK,Tablet,Referral,Beauty,4,2.61,0,0,0.00
216,23/12/2023,Germany,Desktop,Direct,Sports,7,4.71,0,0,0.00
217,10/01/2024,UK,Desktop,Paid Ads,Electronics,7,5.28,1,0,0.00
218,28/04/2023,UK,Desktop,Paid Ads,Beauty,6,6.46,1,0,0.00
219,28/05/2023,Canada,Tablet,Direct,Beauty,4,8.55,1,0,0.00
220,29/07/2024,UK,Mobile,Email,Home,7,5,0,0,0.00
221,18/03/2024,USA,Desktop,Paid Ads,Home,4,5.7,0,0,0.00
222,05/05/2023,UK,Desktop,Social Media,Sports,6,7.47,1,1,14.58
223,09/03/2023,Australia,Desktop,Referral,Electronics,7,3.03,1,1,68.25
224,16/06/2024,Canada,Mobile,Organic Search,Fashion,6,3.36,1,0,0.00
225,10/03/2024,Australia,Desktop,Email,Sports,8,6.91,1,0,0.00
226,01/04/2023,USA,Tablet,Email,Books,7,7.52,1,0,0.00
227,11/07/2024,Australia,Desktop,Email,Electronics,5,5.9,0,0,0.00
228,09/08/2024,India,Desktop,Paid Ads,Beauty,9,9.28,1,1,99.67
229,25/11/2023,Australia,Mobile,Social Media,Books,2,6.18,1,0,0.00
230,27/05/2023,Canada,Desktop,Email,Sports,3,7.77,1,0,0.00
231,19/07/2024,Canada,Desktop,Email,Books,10,7.58,1,0,0.00
232,25/06/2024,Canada,Desktop,Social Media,Books,4,6.84,1,1,40.46
233,06/11/2024,Germany,Desktop,Social Media,Home,5,6.94,1,1,9.42
234,14/02/2023,USA,Mobile,Direct,Fashion,5,7.32,0,0,0.00
235,13/01/2023,UK,Mobile,Direct,Sports,6,7.88,0,0,0.00
236,19/08/2023,Australia,Mobile,Paid Ads,Fashion,8,6.02,0,0,0.00
237,31/03/2024,Australia,Desktop,Social Media,Books,6,8.01,0,0,0.00
238,17/09/2023,Canada,Tablet,Referral,Home,5,6.67,0,1,28.73
239,29/08/2023,India,Mobile,Social Media,Fashion,3,5.34,1,0,0.00
240,21/11/2023,UK,Mobile,Social Media,Electronics,6,6.31,1,1,22.19
241,05/02/2024,Australia,Tablet,Paid Ads,Home,6,7.04,1,1,32.77
242,27/03/2024,India,Mobile,Referral,Home,6,6.82,0,0,0.00
243,30/10/2023,Australia,Mobile,Direct,Beauty,4,5.75,1,0,0.00
244,01/02/2024,India,Mobile,Referral,Home,9,7.35,0,1,58.53
245,29/05/2023,Germany,Desktop,Email,Home,5,8,1,0,0.00
246,22/02/2023,USA,Mobile,Social Media,Beauty,7,7.03,1,0,0.00
247,01/07/2023,India,Mobile,Email,Beauty,5,5.46,0,0,0.00
248,26/08/2024,India,Tablet,Direct,Books,3,9.13,1,1,50.00
249,15/05/2024,India,Mobile,Paid Ads,Sports,8,4.85,1,1,155.37
250,18/05/2024,UK,Mobile,Paid Ads,Electronics,4,6.36,0,0,0.00
251,16/02/2024,Canada,Desktop,Referral,Sports,6,10.25,1,1,91.62
252,12/06/2024,Canada,Mobile,Referral,Beauty,3,8.56,1,0,0.00
253,23/11/2024,Germany,Desktop,Social Media,Sports,9,7.12,0,1,92.68
254,27/12/2023,Germany,Desktop,Referral,Sports,6,6.4,1,0,0.00
255,21/10/2023,India,Tablet,Direct,Electronics,9,4.32,1,1,89.71
256,06/05/2024,USA,Tablet,Paid Ads,Home,10,6.38,1,0,0.00
257,24/07/2024,Australia,Mobile,Paid Ads,Fashion,10,4.68,0,1,83.75
258,01/07/2024,USA,Tablet,Organic Search,Fashion,6,8.11,1,1,59.03
259,26/03/2024,India,Desktop,Email,Books,2,4.25,1,0,0.00
260,04/09/2023,Canada,Desktop,Social Media,Electronics,6,6.5,1,1,74.74
261,01/10/2023,USA,Desktop,Direct,Home,9,6.97,0,1,106.71
262,02/08/2024,Australia,Desktop,Organic Search,Books,7,5.62,1,0,0.00
263,03/02/2024,USA,Desktop,Direct,Sports,5,7.84,0,0,0.00
264,19/04/2024,Australia,Mobile,Email,Electronics,7,8.07,1,0,0.00
265,08/03/2024,Canada,Mobile,Direct,Fashion,4,7.48,0,1,37.51
266,26/01/2024,UK,Mobile,Organic Search,Electronics,2,6.07,0,1,141.73
267,18/06/2023,USA,Desktop,Referral,Books,7,4.19,0,1,40.33
268,29/09/2023,Canada,Desktop,Email,Electronics,4,8.84,1,1,106.21
269,02/06/2023,Germany,Tablet,Social Media,Books,6,2.99,0,0,0.00
270,06/04/2023,Germany,Desktop,Referral,Sports,4,5.16,0,0,0.00
271,14/03/2023,Germany,Desktop,Organic Search,Sports,10,7.88,0,1,36.23
272,23/02/2024,India,Desktop,Direct,Home,4,8.89,0,0,0.00
273,17/06/2023,Canada,Desktop,Organic Search,Electronics,5,6.49,0,0,0.00
274,02/04/2024,USA,Tablet,Referral,Sports,7,8.77,0,1,18.53
275,23/04/2023,India,Tablet,Social Media,Sports,3,7.36,0,1,133.53
276,28/02/2023,India,Mobile,Email,Sports,5,5.63,0,0,0.00
277,16/10/2023,Australia,Desktop,Social Media,Fashion,7,4.07,0,1,28.45
278,30/10/2024,Canada,Desktop,Direct,Beauty,6,3.31,0,0,0.00
279,22/01/2024,India,Desktop,Social Media,Beauty,5,6.75,1,1,62.45
280,18/04/2023,UK,Desktop,Direct,Electronics,6,6.37,1,0,0.00
281,18/12/2023,USA,Desktop,Email,Books,7,7.1,0,0,0.00
282,01/09/2024,Germany,Desktop,Direct,Beauty,4,6.68,1,0,0.00
283,24/03/2023,Canada,Mobile,Email,Electronics,7,5.95,0,1,58.06
284,02/01/2024,UK,Desktop,Social Media,Electronics,4,9.5,1,0,0.00
285,31/07/2023,Germany,Tablet,Organic Search,Books,4,8.76,1,0,0.00
286,01/01/2024,Canada,Desktop,Email,Electronics,3,9.41,1,1,52.31
287,31/10/2023,USA,Tablet,Social Media,Sports,7,2.65,1,0,0.00
288,08/05/2024,Germany,Tablet,Email,Electronics,8,6.19,1,0,0.00
289,20/03/2024,USA,Desktop,Referral,Fashion,8,9,1,0,0.00
290,02/08/2023,UK,Desktop,Direct,Beauty,5,6,1,0,0.00
291,01/05/2023,India,Mobile,Direct,Sports,3,7.58,1,1,85.81
292,10/03/2023,USA,Tablet,Paid Ads,Home,3,2.75,1,0,0.00
293,02/06/2023,Canada,Mobile,Referral,Beauty,8,6.71,0,1,83.89
294,28/03/2023,India,Mobile,Organic Search,Beauty,8,1.69,1,0,0.00
295,14/02/2023,India,Tablet,Paid Ads,Beauty,2,7.95,0,0,0.00
296,16/10/2023,Australia,Desktop,Referral,Books,7,7.84,0,0,0.00
297,11/01/2023,UK,Desktop,Email,Beauty,3,4.53,1,0,0.00
298,23/05/2024,USA,Desktop,Referral,Fashion,8,4.6,0,0,0.00
299,03/04/2023,Germany,Mobile,Referral,Sports,4,4.21,1,0,0.00
300,21/11/2023,Australia,Mobile,Organic Search,Home,12,5.18,1,1,137.01
301,20/08/2024,Germany,Desktop,Referral,Home,9,7.64,0,0,0.00
302,20/08/2023,India,Desktop,Direct,Home,2,3.32,1,1,62.26
303,18/02/2023,Canada,Tablet,Direct,Beauty,6,3.84,0,0,0.00
304,28/02/2023,USA,Desktop,Referral,Beauty,4,4.62,0,1,141.99
305,14/12/2023,UK,Desktop,Referral,Sports,3,5.19,0,0,0.00
306,20/07/2023,Germany,Desktop,Social Media,Fashion,9,5.11,1,1,44.84
307,27/12/2024,Australia,Mobile,Referral,Beauty,9,8.74,0,0,0.00
308,21/01/2024,USA,Desktop,Organic Search,Home,5,2.48,1,0,0.00
309,19/10/2024,Australia,Desktop,Direct,Beauty,9,2.47,1,1,52.61
310,12/03/2024,Germany,Tablet,Direct,Fashion,6,3.98,0,0,0.00
311,11/03/2023,Germany,Mobile,Paid Ads,Sports,9,2.07,1,0,0.00
312,18/03/2023,Canada,Desktop,Organic Search,Beauty,5,8.32,1,1,26.74
313,29/11/2024,India,Tablet,Email,Electronics,3,5.51,0,0,0.00
314,20/08/2024,Australia,Mobile,Email,Books,4,8.14,1,1,234.85
315,20/06/2024,USA,Mobile,Email,Home,5,9.3,1,0,0.00
316,25/11/2024,UK,Tablet,Direct,Beauty,11,9.75,0,1,43.28
317,01/07/2023,Australia,Mobile,Social Media,Books,5,6.31,1,0,0.00
318,21/12/2024,Canada,Desktop,Social Media,Books,3,7.05,1,1,161.71
319,10/08/2023,Australia,Desktop,Referral,Electronics,10,9.26,0,0,0.00
320,21/12/2024,Canada,Mobile,Paid Ads,Books,10,7.51,1,1,82.71
321,29/08/2024,Australia,Desktop,Paid Ads,Books,5,6.15,1,1,95.55
322,12/03/2023,India,Desktop,Organic Search,Books,4,2.31,0,0,0.00
323,29/04/2024,Australia,Mobile,Email,Fashion,5,5.18,1,0,0.00
324,21/07/2024,Australia,Desktop,Organic Search,Electronics,5,5.03,0,1,47.53
325,11/01/2024,UK,Mobile,Social Media,Home,5,4.15,0,0,0.00
326,28/02/2024,UK,Desktop,Paid Ads,Fashion,3,6.23,0,1,61.58
327,14/03/2024,Canada,Desktop,Referral,Books,5,8.26,1,0,0.00
328,17/05/2024,USA,Mobile,Paid Ads,Electronics,9,7.36,1,0,0.00
329,15/08/2023,Canada,Desktop,Referral,Books,9,6.19,1,0,0.00
330,04/07/2024,USA,Desktop,Referral,Fashion,6,9.45,1,0,0.00
331,20/12/2024,USA,Desktop,Direct,Home,7,4.56,1,1,55.46
332,02/12/2024,Germany,Desktop,Direct,Electronics,3,10.96,1,1,265.65
333,17/09/2024,Germany,Desktop,Direct,Sports,3,6.77,0,0,0.00
334,24/11/2023,USA,Mobile,Email,Home,4,2.67,0,1,5.01
335,29/09/2023,Canada,Desktop,Direct,Beauty,11,1.76,1,0,0.00
336,23/05/2023,Australia,Desktop,Email,Home,5,1.83,1,0,0.00
337,08/04/2023,USA,Desktop,Email,Electronics,6,9.45,1,1,20.62
338,06/09/2024,USA,Desktop,Referral,Home,7,6.93,0,0,0.00
339,11/07/2023,Canada,Desktop,Direct,Home,4,4.01,0,0,0.00
340,29/10/2024,India,Tablet,Email,Home,7,3.54,0,1,41.72
341,15/04/2023,India,Tablet,Direct,Books,5,1.96,0,1,85.13
342,05/01/2024,India,Tablet,Direct,Beauty,3,6.06,0,0,0.00
343,16/04/2024,UK,Mobile,Referral,Home,5,3.37,0,0,0.00
344,14/07/2023,USA,Tablet,Paid Ads,Sports,3,7.71,0,0,0.00
345,09/10/2023,UK,Tablet,Direct,Books,7,9.34,1,1,46.60
346,19/09/2024,Australia,Mobile,Direct,Electronics,5,7.56,0,0,0.00
347,11/03/2023,Australia,Tablet,Organic Search,Home,11,2.75,0,1,60.53
348,07/11/2023,Germany,Mobile,Referral,Home,4,6.19,1,1,123.76
349,18/04/2023,Australia,Mobile,Organic Search,Home,4,9.03,1,1,63.32
350,04/09/2023,UK,Tablet,Email,Fashion,2,6.9,0,0,0.00
351,04/09/2024,USA,Mobile,Referral,Home,8,8.31,0,0,0.00
352,18/10/2024,Canada,Tablet,Social Media,Fashion,6,4.96,1,1,36.16
353,01/03/2023,UK,Desktop,Social Media,Books,5,7.79,0,0,0.00
354,10/12/2024,UK,Mobile,Email,Electronics,7,9.1,0,1,70.33
355,03/09/2024,USA,Mobile,Direct,Books,5,9.19,0,0,0.00
356,07/04/2024,Australia,Desktop,Referral,Home,5,5.29,0,0,0.00
357,25/08/2023,India,Desktop,Organic Search,Home,5,7.79,0,0,0.00
358,13/04/2023,Canada,Mobile,Email,Home,10,5.01,1,1,55.38
359,06/01/2023,Australia,Tablet,Direct,Home,7,8.33,0,0,0.00
360,12/10/2024,Canada,Desktop,Direct,Home,7,3.86,0,0,0.00
361,29/05/2024,India,Tablet,Paid Ads,Beauty,6,5.65,0,1,61.40
362,08/10/2023,India,Tablet,Referral,Home,6,1,0,0,0.00
363,25/01/2023,Canada,Mobile,Direct,Electronics,5,5.25,1,1,43.75
364,23/02/2023,Australia,Desktop,Direct,Home,3,6.87,1,1,107.73
365,27/08/2023,Australia,Desktop,Organic Search,Fashion,5,7.9,0,1,26.62
366,28/07/2024,India,Mobile,Social Media,Beauty,5,7.27,1,0,0.00
367,21/09/2024,India,Mobile,Paid Ads,Sports,4,4.9,1,0,0.00
368,04/05/2023,USA,Desktop,Email,Home,7,7.06,0,1,54.06
369,12/08/2023,Australia,Tablet,Direct,Sports,3,9.14,0,0,0.00
370,09/08/2023,Germany,Tablet,Direct,Books,4,4.28,0,0,0.00
371,26/04/2023,USA,Desktop,Direct,Electronics,8,3.61,0,1,124.29
372,15/05/2023,Germany,Tablet,Email,Home,4,10.53,1,1,72.86
373,18/05/2023,India,Tablet,Social Media,Fashion,9,4.1,1,0,0.00
374,18/04/2023,Germany,Desktop,Paid Ads,Home,3,4.65,1,0,0.00
375,14/07/2023,India,Tablet,Social Media,Sports,9,3.9,1,1,113.93
376,25/02/2024,Australia,Desktop,Organic Search,Beauty,5,2.81,0,0,0.00
377,05/06/2024,UK,Mobile,Organic Search,Beauty,3,9.39,1,0,0.00
378,27/09/2024,India,Tablet,Paid Ads,Books,8,5.89,0,1,56.97
379,04/11/2024,Australia,Tablet,Organic Search,Electronics,6,7.21,1,1,83.28
380,13/06/2024,UK,Mobile,Paid Ads,Sports,6,5.67,0,0,0.00
381,03/12/2023,USA,Mobile,Referral,Fashion,5,3.9,1,1,34.61
382,07/09/2024,Canada,Mobile,Paid Ads,Home,4,6.57,0,0,0.00
383,20/04/2023,USA,Tablet,Organic Search,Home,3,6.16,0,0,0.00
384,13/02/2024,USA,Mobile,Referral,Home,7,7.11,0,1,63.34
385,11/06/2024,USA,Mobile,Direct,Electronics,9,6.66,0,0,0.00
386,05/11/2024,USA,Mobile,Social Media,Fashion,6,7.36,1,0,0.00
387,21/04/2023,Canada,Desktop,Organic Search,Fashion,6,8.19,0,0,0.00
388,17/05/2023,UK,Mobile,Paid Ads,Books,2,6.39,0,0,0.00
389,27/10/2024,Germany,Tablet,Organic Search,Books,7,4.19,0,1,24.37
390,20/09/2023,India,Desktop,Email,Home,8,6.27,0,0,0.00
391,23/08/2024,Canada,Tablet,Organic Search,Beauty,9,4.69,1,0,0.00
392,23/02/2023,Canada,Mobile,Referral,Electronics,3,8.08,0,0,0.00
393,20/12/2024,Australia,Tablet,Referral,Home,6,9.03,0,0,0.00
394,16/11/2023,Germany,Tablet,Organic Search,Electronics,9,8.96,0,0,0.00
395,07/07/2023,Germany,Desktop,Email,Books,4,10.33,1,1,148.98
396,19/10/2023,India,Desktop,Direct,Beauty,6,5.85,0,0,0.00
397,12/06/2024,India,Mobile,Social Media,Sports,6,5.85,1,1,17.53
398,10/09/2023,USA,Mobile,Paid Ads,Home,6,3.98,0,0,0.00
399,29/08/2024,Canada,Tablet,Referral,Sports,4,7.06,0,1,157.14
400,24/06/2024,Australia,Desktop,Email,Sports,5,6.26,1,0,0.00
401,25/02/2024,Canada,Desktop,Email,Sports,6,4.82,0,0,0.00
402,25/03/2024,Canada,Desktop,Organic Search,Books,10,3.42,0,0,0.00
403,07/07/2024,India,Tablet,Direct,Sports,6,6.59,0,1,99.63
404,21/10/2023,Australia,Mobile,Email,Beauty,6,3.1,0,0,0.00
405,16/01/2023,USA,Desktop,Social Media,Beauty,6,10.21,0,1,102.45
406,04/01/2024,Germany,Desktop,Direct,Electronics,3,6.1,0,0,0.00
407,20/06/2023,UK,Desktop,Social Media,Books,5,3.88,0,0,0.00
408,15/11/2023,UK,Desktop,Paid Ads,Books,6,3.98,0,1,43.44
409,07/03/2024,Germany,Mobile,Organic Search,Electronics,4,3.48,1,0,0.00
410,24/06/2023,India,Desktop,Organic Search,Books,4,7.01,1,1,96.14
411,03/03/2024,Australia,Desktop,Paid Ads,Sports,5,5.3,0,1,127.81
412,23/06/2024,India,Tablet,Referral,Sports,5,4.16,0,0,0.00
413,29/09/2024,UK,Tablet,Organic Search,Beauty,6,8.74,0,0,0.00
414,07/06/2023,UK,Tablet,Email,Books,6,3.66,0,0,0.00
415,30/10/2023,India,Desktop,Referral,Home,4,7.76,1,1,25.07
416,22/04/2023,UK,Mobile,Referral,Sports,5,4.14,0,0,0.00
417,27/11/2023,USA,Mobile,Direct,Beauty,3,7.14,1,1,60.99
418,26/05/2023,USA,Mobile,Social Media,Sports,5,3.4,0,0,0.00
419,06/05/2023,UK,Mobile,Social Media,Sports,10,4.74,0,0,0.00
420,07/10/2024,USA,Desktop,Referral,Sports,4,4.5,1,1,103.37
421,16/01/2024,Canada,Tablet,Direct,Sports,4,9.32,1,1,61.28
422,19/10/2024,India,Tablet,Direct,Books,5,8,0,0,0.00
423,10/07/2023,UK,Mobile,Paid Ads,Home,5,6,1,0,0.00
424,14/03/2023,Australia,Desktop,Social Media,Home,8,8.3,1,1,27.62
425,13/01/2023,India,Mobile,Paid Ads,Sports,6,5.43,0,0,0.00
426,26/12/2024,Australia,Desktop,Organic Search,Fashion,6,6.84,1,0,0.00
427,03/09/2024,Australia,Tablet,Organic Search,Electronics,4,6.53,0,0,0.00
428,14/08/2024,Australia,Tablet,Paid Ads,Beauty,11,10.44,0,0,0.00
429,26/04/2024,Germany,Desktop,Social Media,Fashion,3,6.02,0,0,0.00
430,19/07/2024,UK,Desktop,Direct,Home,10,7.11,0,0,0.00
431,10/10/2023,Canada,Tablet,Organic Search,Electronics,4,5.27,1,1,21.35
432,29/11/2024,USA,Mobile,Referral,Electronics,9,9.39,0,1,41.29
433,18/12/2024,Australia,Mobile,Social Media,Beauty,5,6.67,1,1,69.82
434,01/01/2023,Australia,Desktop,Email,Sports,4,6.7,0,0,0.00
435,04/12/2024,Germany,Desktop,Social Media,Fashion,5,7.99,0,0,0.00
436,22/01/2023,Canada,Mobile,Social Media,Beauty,6,9.41,1,0,0.00
437,26/04/2024,India,Desktop,Direct,Books,5,8.23,0,1,8.22
438,03/09/2024,Canada,Desktop,Referral,Books,10,5.83,1,1,64.08
439,14/03/2024,UK,Mobile,Paid Ads,Beauty,4,8.51,0,0,0.00
440,22/10/2023,Canada,Mobile,Organic Search,Fashion,6,5.1,0,1,105.99
441,20/05/2024,UK,Mobile,Paid Ads,Home,7,2.28,0,0,0.00
442,21/11/2024,UK,Desktop,Organic Search,Electronics,3,6.23,0,0,0.00
443,27/11/2024,Germany,Tablet,Email,Fashion,7,3.77,0,1,59.20
444,02/02/2024,USA,Desktop,Referral,Books,7,5.35,1,0,0.00
445,21/04/2024,USA,Tablet,Referral,Books,5,4.41,0,0,0.00
446,03/09/2024,UK,Mobile,Email,Books,8,1,0,0,0.00
447,23/11/2023,India,Desktop,Organic Search,Beauty,8,5.51,1,0,0.00
448,07/04/2023,India,Desktop,Referral,Beauty,5,4.11,0,0,0.00
449,04/12/2024,Canada,Desktop,Direct,Books,7,9.14,1,1,60.27
450,11/11/2024,Germany,Desktop,Organic Search,Beauty,7,3.2,0,0,0.00
451,06/05/2023,India,Desktop,Paid Ads,Sports,10,8.64,0,0,0.00
452,17/03/2024,Germany,Tablet,Social Media,Electronics,4,3.78,0,0,0.00
453,02/03/2024,Germany,Mobile,Paid Ads,Beauty,4,8.29,0,0,0.00
454,10/05/2023,Canada,Desktop,Referral,Electronics,5,9.75,1,0,0.00
455,25/11/2024,Germany,Desktop,Direct,Home,5,9.24,1,0,0.00
456,14/01/2023,USA,Desktop,Paid Ads,Electronics,7,5.52,0,1,12.27
457,29/12/2024,Canada,Tablet,Organic Search,Sports,8,2.41,1,1,38.02
458,12/12/2024,Canada,Mobile,Social Media,Home,8,9.34,0,1,28.88
459,28/05/2023,Australia,Tablet,Paid Ads,Fashion,5,5.77,0,1,194.89
460,03/04/2024,India,Mobile,Social Media,Fashion,10,3.23,0,0,0.00
461,10/05/2023,USA,Tablet,Paid Ads,Books,9,3.64,0,1,50.20
462,08/01/2024,India,Mobile,Direct,Beauty,6,4.45,1,1,53.23
463,18/06/2024,Germany,Tablet,Referral,Beauty,4,3.44,0,0,0.00
464,24/09/2023,Australia,Tablet,Direct,Books,7,6.14,1,0,0.00
465,30/05/2024,Canada,Desktop,Direct,Home,6,4.21,0,1,42.21
466,16/03/2024,USA,Desktop,Organic Search,Beauty,6,3.98,1,0,0.00
467,21/04/2024,Germany,Tablet,Social Media,Home,7,5.51,0,1,121.79
468,01/12/2024,Canada,Mobile,Social Media,Sports,4,9.29,0,0,0.00
469,12/12/2024,India,Desktop,Email,Beauty,5,6.72,1,1,149.20
470,08/08/2024,India,Mobile,Social Media,Home,5,5.7,0,0,0.00
471,09/12/2023,India,Tablet,Organic Search,Sports,2,8.36,0,0,0.00
472,14/08/2023,Canada,Tablet,Email,Beauty,8,5.57,0,1,76.74
473,08/06/2024,Canada,Tablet,Direct,Electronics,7,8.12,0,1,65.52
474,05/01/2023,Germany,Tablet,Direct,Fashion,3,4.62,0,0,0.00
475,28/11/2024,UK,Tablet,Email,Sports,3,5.79,1,0,0.00
476,09/10/2023,USA,Mobile,Email,Electronics,5,6.79,0,0,0.00
477,03/04/2024,UK,Tablet,Organic Search,Sports,5,6.38,1,0,0.00
478,10/12/2024,Australia,Mobile,Organic Search,Fashion,4,6.59,0,0,0.00
479,25/08/2023,Australia,Desktop,Email,Sports,9,1,1,1,74.24
480,26/04/2024,Canada,Tablet,Paid Ads,Home,12,7.3,0,0,0.00
481,03/11/2023,UK,Desktop,Email,Beauty,5,7.62,0,0,0.00
482,11/04/2023,UK,Tablet,Referral,Electronics,6,4.82,1,0,0.00
483,26/07/2023,Australia,Tablet,Social Media,Electronics,5,8.84,1,0,0.00
484,08/09/2023,UK,Mobile,Referral,Books,4,9.37,0,0,0.00
485,18/07/2023,Germany,Desktop,Social Media,Books,7,8,0,1,5.66
486,05/04/2024,Australia,Tablet,Paid Ads,Home,7,4.97,1,0,0.00
487,10/08/2024,India,Tablet,Direct,Fashion,7,6.03,0,0,0.00
488,29/11/2023,UK,Desktop,Direct,Books,7,6.96,0,0,0.00
489,21/05/2024,Australia,Desktop,Paid Ads,Sports,10,6.56,0,0,0.00
490,25/12/2024,Australia,Mobile,Social Media,Sports,2,4.98,0,0,0.00
491,20/03/2024,Germany,Tablet,Social Media,Fashion,6,8.78,1,0,0.00
492,05/04/2023,Australia,Tablet,Direct,Books,11,6.65,1,0,0.00
493,27/08/2024,Canada,Mobile,Direct,Books,9,5.84,1,0,0.00
494,08/01/2024,Germany,Tablet,Social Media,Electronics,3,8.18,1,1,69.04
495,15/09/2023,UK,Desktop,Paid Ads,Fashion,9,7.12,1,1,298.65
496,03/11/2023,UK,Desktop,Paid Ads,Fashion,3,5.92,1,0,0.00
497,10/12/2023,USA,Mobile,Organic Search,Home,4,6.35,1,0,0.00
498,21/10/2024,India,Tablet,Referral,Books,5,1.8,1,0,0.00
499,26/05/2023,Canada,Mobile,Direct,Home,6,7.56,1,0,0.00
500,22/05/2024,Canada,Mobile,Referral,Beauty,8,5.82,1,1,8.98
501,30/05/2023,USA,Mobile,Paid Ads,Books,4,4.81,1,0,0.00
502,15/05/2023,Canada,Mobile,Direct,Beauty,5,5.86,0,0,0.00
503,02/05/2023,India,Desktop,Social Media,Books,3,6.73,1,0,0.00
504,29/04/2023,Australia,Mobile,Email,Sports,2,9.21,1,0,0.00
505,20/02/2024,UK,Tablet,Email,Fashion,4,4.2,0,0,0.00
506,02/06/2024,Canada,Mobile,Social Media,Beauty,5,7.6,0,0,0.00
507,04/10/2023,USA,Desktop,Direct,Sports,6,7.87,0,0,0.00
508,11/09/2024,Germany,Desktop,Social Media,Beauty,4,3.81,0,0,0.00
509,11/08/2024,Canada,Tablet,Email,Fashion,7,7,0,1,108.41
510,30/04/2023,USA,Tablet,Paid Ads,Home,5,3.69,0,0,0.00
511,27/04/2023,India,Tablet,Email,Home,5,2.07,0,0,0.00
512,16/03/2024,Canada,Mobile,Direct,Sports,4,5.83,0,0,0.00
513,01/04/2023,India,Desktop,Organic Search,Fashion,6,9.19,0,1,66.53
514,15/06/2023,UK,Desktop,Referral,Fashion,5,5.44,1,0,0.00
515,28/05/2024,Germany,Mobile,Paid Ads,Beauty,8,5.6,0,0,0.00
516,08/05/2023,UK,Mobile,Email,Electronics,8,7.43,1,0,0.00
517,08/02/2023,Germany,Tablet,Social Media,Fashion,5,6.24,1,1,95.13
518,02/09/2024,Germany,Mobile,Social Media,Fashion,7,8.14,0,0,0.00
519,03/08/2024,India,Desktop,Organic Search,Books,11,7.15,1,0,0.00
520,26/01/2023,Australia,Desktop,Paid Ads,Fashion,4,7.46,1,1,60.36
521,29/05/2023,India,Desktop,Email,Books,8,7.93,1,0,0.00
522,19/07/2023,USA,Tablet,Email,Beauty,7,4.24,1,1,71.96
523,25/03/2023,Canada,Mobile,Organic Search,Electronics,5,4.02,0,1,70.05
524,06/09/2023,UK,Mobile,Paid Ads,Sports,3,7.49,1,1,168.11
525,08/10/2024,Australia,Tablet,Referral,Beauty,7,1.71,0,0,0.00
526,10/11/2023,India,Desktop,Paid Ads,Home,8,6.35,1,0,0.00
527,27/04/2023,India,Mobile,Paid Ads,Beauty,3,4.31,0,0,0.00
528,24/03/2024,Australia,Tablet,Email,Electronics,4,7.11,0,1,92.84
529,05/12/2024,India,Desktop,Referral,Sports,7,5.44,0,0,0.00
530,11/11/2023,India,Tablet,Referral,Sports,6,3.35,0,0,0.00
531,28/01/2023,USA,Tablet,Paid Ads,Home,5,7.09,1,0,0.00
532,17/08/2024,Germany,Mobile,Referral,Home,5,8.69,0,0,0.00
533,19/01/2024,USA,Tablet,Email,Fashion,2,3.48,0,0,0.00
534,02/12/2023,Australia,Tablet,Organic Search,Sports,5,5.97,1,0,0.00
535,09/05/2024,UK,Mobile,Referral,Sports,8,5.57,0,0,0.00
536,20/05/2024,Canada,Tablet,Referral,Electronics,7,6.82,1,1,55.43
537,23/09/2024,Germany,Desktop,Organic Search,Books,6,5.66,0,0,0.00
538,12/09/2023,Germany,Desktop,Social Media,Books,2,6.38,1,0,0.00
539,06/04/2024,India,Desktop,Organic Search,Home,5,6.15,0,0,0.00
540,29/01/2023,USA,Tablet,Direct,Books,6,5.72,0,0,0.00
541,27/10/2023,India,Tablet,Direct,Home,3,6.81,1,1,29.78
542,13/09/2024,USA,Mobile,Social Media,Sports,5,6,0,0,0.00
543,01/02/2024,UK,Tablet,Paid Ads,Books,4,9.3,0,1,102.13
544,20/12/2023,Germany,Tablet,Email,Books,3,7.73,0,1,35.52
545,25/06/2024,USA,Mobile,Organic Search,Books,8,4.66,0,0,0.00
546,26/01/2023,Germany,Mobile,Social Media,Fashion,6,5.27,1,0,0.00
547,07/06/2024,India,Mobile,Organic Search,Home,4,7.19,1,1,68.83
548,18/01/2023,UK,Tablet,Email,Sports,7,5.05,1,1,203.86
549,13/03/2023,Germany,Desktop,Organic Search,Books,4,5.22,1,0,0.00
550,21/06/2024,USA,Desktop,Social Media,Electronics,6,4.18,1,0,0.00
551,20/03/2023,Australia,Desktop,Social Media,Electronics,7,10.21,1,0,0.00
552,04/12/2024,UK,Desktop,Email,Books,6,7.86,1,1,112.05
553,29/11/2023,Germany,Desktop,Social Media,Fashion,3,6.36,1,1,15.21
554,10/05/2024,Germany,Tablet,Email,Home,4,3.46,0,0,0.00
555,20/08/2023,Canada,Desktop,Organic Search,Books,5,3.51,1,0,0.00
556,28/01/2024,Germany,Mobile,Email,Sports,5,4.9,0,0,0.00
557,14/01/2024,USA,Tablet,Social Media,Home,8,6.05,1,0,0.00
558,28/12/2024,India,Mobile,Social Media,Books,8,2.64,1,1,137.30
559,13/11/2023,UK,Desktop,Email,Sports,6,3.91,1,1,94.22
560,06/01/2024,Australia,Desktop,Paid Ads,Books,5,6.58,1,0,0.00
561,14/04/2023,Germany,Desktop,Email,Electronics,5,4.2,0,1,55.21
562,10/10/2024,Australia,Desktop,Referral,Beauty,2,5.19,1,1,82.78
563,21/11/2023,UK,Tablet,Organic Search,Electronics,7,7.19,0,0,0.00
564,24/06/2024,Australia,Tablet,Email,Home,9,5.95,0,0,0.00
565,02/05/2024,Canada,Tablet,Direct,Fashion,7,8.4,0,0,0.00
566,21/07/2023,India,Mobile,Referral,Books,5,7.33,1,0,0.00
567,07/06/2024,Germany,Mobile,Paid Ads,Electronics,5,3.97,0,0,0.00
568,26/10/2024,USA,Tablet,Social Media,Home,3,8.85,0,0,0.00
569,17/07/2023,Germany,Tablet,Organic Search,Sports,9,5.16,0,0,0.00
570,20/08/2023,USA,Tablet,Email,Home,3,9.15,0,0,0.00
571,06/02/2023,UK,Desktop,Organic Search,Sports,6,7.12,0,0,0.00
572,08/03/2024,USA,Tablet,Social Media,Beauty,5,8.7,0,0,0.00
573,10/05/2023,UK,Tablet,Social Media,Fashion,7,4.69,1,1,84.68
574,28/04/2023,India,Mobile,Direct,Fashion,6,5.04,0,0,0.00
575,21/01/2023,Germany,Tablet,Email,Sports,6,7.1,0,0,0.00
576,24/09/2024,India,Desktop,Social Media,Books,4,6.65,1,0,0.00
577,08/07/2024,Germany,Mobile,Referral,Home,3,6.37,0,0,0.00
578,24/04/2024,Australia,Desktop,Paid Ads,Electronics,3,7.97,1,1,35.14
579,17/08/2023,USA,Mobile,Email,Fashion,4,5.17,1,0,0.00
580,01/10/2023,Australia,Desktop,Organic Search,Books,5,6.45,0,1,105.20
581,22/12/2024,UK,Tablet,Social Media,Books,8,6.3,1,0,0.00
582,20/10/2023,India,Tablet,Referral,Home,5,2.52,1,0,0.00
583,05/10/2024,UK,Mobile,Direct,Books,4,6,0,1,57.88
584,15/01/2024,Australia,Tablet,Paid Ads,Home,10,7.31,0,0,0.00
585,29/04/2023,Canada,Mobile,Organic Search,Fashion,4,7.76,0,1,63.00
586,15/04/2023,USA,Mobile,Email,Electronics,5,8.05,1,1,149.62
587,14/12/2024,UK,Tablet,Referral,Home,6,8.49,1,1,116.34
588,05/07/2024,Germany,Tablet,Paid Ads,Sports,4,7.94,0,1,133.62
589,29/10/2023,India,Mobile,Social Media,Beauty,3,3.58,1,0,0.00
590,16/05/2023,Australia,Tablet,Email,Sports,7,3.6,0,1,123.77
591,09/02/2024,Germany,Desktop,Referral,Electronics,5,5.73,0,0,0.00
592,21/08/2023,USA,Desktop,Direct,Electronics,4,4.47,1,0,0.00
593,04/07/2024,Germany,Desktop,Direct,Sports,3,8.93,1,1,44.91
594,29/06/2023,UK,Mobile,Referral,Books,5,6.11,1,0,0.00
595,31/01/2024,Canada,Mobile,Paid Ads,Beauty,2,6.57,1,0,0.00
596,31/03/2023,Canada,Mobile,Organic Search,Sports,6,5.63,0,0,0.00
597,16/10/2024,USA,Desktop,Paid Ads,Fashion,8,2.8,0,1,79.41
598,06/01/2024,UK,Tablet,Paid Ads,Home,7,7.8,0,0,0.00
599,25/08/2024,Canada,Desktop,Organic Search,Home,8,8.82,1,1,79.38
600,11/01/2024,USA,Tablet,Referral,Home,5,7.88,0,0,0.00
601,18/11/2024,USA,Tablet,Social Media,Sports,7,5.22,0,0,0.00
602,14/11/2023,Canada,Mobile,Referral,Books,7,4.38,1,1,65.77
603,10/11/2023,USA,Tablet,Referral,Fashion,4,7.91,1,0,0.00
604,26/09/2024,USA,Tablet,Referral,Books,9,10.65,0,0,0.00
605,13/02/2023,Canada,Desktop,Referral,Electronics,11,8.81,0,1,54.96
606,18/10/2024,India,Mobile,Organic Search,Books,4,10.68,0,0,0.00
607,19/07/2023,Canada,Desktop,Direct,Fashion,5,5.33,0,0,0.00
608,09/05/2023,Canada,Desktop,Referral,Books,6,6.2,1,1,91.96
609,04/02/2023,India,Desktop,Direct,Sports,10,7.17,1,1,46.00
610,15/07/2023,UK,Tablet,Social Media,Beauty,4,5.15,1,0,0.00
611,24/05/2024,USA,Tablet,Email,Home,5,8.12,0,0,0.00
612,06/12/2024,Germany,Mobile,Direct,Electronics,7,6.27,0,0,0.00
613,25/04/2024,USA,Desktop,Email,Beauty,5,11.84,0,0,0.00
614,27/08/2024,Germany,Mobile,Social Media,Sports,7,5.83,1,0,0.00
615,27/10/2024,USA,Desktop,Direct,Home,2,6.14,0,1,78.61
616,06/12/2023,Australia,Desktop,Email,Fashion,10,5.11,0,0,0.00
617,12/01/2024,UK,Tablet,Referral,Electronics,7,6.53,1,1,58.95
618,23/03/2024,UK,Mobile,Email,Electronics,4,7.45,0,1,69.87
619,14/05/2023,UK,Desktop,Paid Ads,Fashion,7,10.29,1,1,86.17
620,16/12/2024,India,Mobile,Social Media,Beauty,5,7.51,1,0,0.00
621,13/12/2024,Canada,Desktop,Paid Ads,Fashion,7,6.17,1,0,0.00
622,12/09/2024,UK,Tablet,Direct,Home,8,5.07,0,0,0.00
623,13/05/2023,USA,Mobile,Email,Sports,8,3.03,1,0,0.00
624,13/10/2023,Germany,Desktop,Social Media,Beauty,4,6.53,1,0,0.00
625,13/03/2024,India,Mobile,Email,Sports,8,8.44,0,0,0.00
626,22/01/2024,Germany,Mobile,Paid Ads,Sports,6,7.65,0,1,151.99
627,31/10/2024,UK,Mobile,Organic Search,Home,2,5.04,1,1,17.29
628,22/12/2023,Germany,Tablet,Direct,Books,5,6.95,0,0,0.00
629,06/01/2024,Germany,Desktop,Referral,Electronics,5,4.4,0,0,0.00
630,03/11/2024,India,Desktop,Paid Ads,Home,3,5.94,0,0,0.00
631,11/08/2024,Australia,Desktop,Email,Home,2,5.65,0,1,139.79
632,11/02/2023,India,Desktop,Organic Search,Sports,5,6.42,1,0,0.00
633,12/03/2023,Canada,Mobile,Social Media,Sports,4,5.86,0,0,0.00
634,30/11/2024,UK,Mobile,Email,Sports,7,7.7,0,0,0.00
635,28/01/2023,Germany,Tablet,Social Media,Sports,5,3.89,0,0,0.00
636,07/07/2023,Australia,Tablet,Organic Search,Fashion,11,6.51,0,1,39.19
637,12/10/2024,India,Desktop,Social Media,Home,9,5.41,0,0,0.00
638,20/01/2023,Canada,Desktop,Paid Ads,Fashion,6,7.07,1,1,99.48
639,10/05/2023,Canada,Tablet,Email,Sports,3,5.34,0,1,136.40
640,27/05/2023,India,Mobile,Organic Search,Fashion,6,3.34,1,0,0.00
641,24/08/2024,Australia,Desktop,Email,Sports,6,1.64,1,1,16.92
642,11/12/2023,Germany,Mobile,Referral,Sports,5,8.83,0,0,0.00
643,29/10/2024,USA,Desktop,Referral,Home,6,3.33,0,0,0.00
644,25/02/2024,USA,Desktop,Referral,Books,7,5.82,0,0,0.00
645,25/03/2024,UK,Tablet,Social Media,Sports,7,6.37,0,0,0.00
646,10/09/2023,Canada,Tablet,Email,Books,3,5.52,0,0,0.00
647,09/04/2024,Canada,Desktop,Email,Electronics,5,3.53,1,1,180.32
648,16/02/2023,UK,Desktop,Direct,Electronics,9,7.38,1,1,90.98
649,29/03/2023,Germany,Tablet,Social Media,Books,10,9.03,0,0,0.00
650,30/10/2023,Australia,Tablet,Organic Search,Sports,4,6.76,0,1,104.06
651,04/03/2023,Germany,Desktop,Direct,Sports,11,1.74,0,0,0.00
652,05/03/2023,Canada,Mobile,Direct,Electronics,4,7.41,1,0,0.00
653,07/03/2023,Canada,Desktop,Paid Ads,Sports,7,7.07,1,0,0.00
654,19/09/2024,Australia,Tablet,Referral,Beauty,7,7.75,0,0,0.00
655,16/09/2024,USA,Tablet,Paid Ads,Electronics,6,7.12,1,0,0.00
656,25/11/2023,Canada,Tablet,Organic Search,Fashion,6,5.56,1,0,0.00
657,05/12/2024,India,Desktop,Social Media,Beauty,5,4.71,1,1,39.94
658,31/12/2023,USA,Desktop,Direct,Fashion,8,7.56,1,0,0.00
659,02/12/2024,Germany,Tablet,Referral,Beauty,5,8.51,0,0,0.00
660,04/06/2024,Australia,Tablet,Organic Search,Books,8,5.6,1,1,81.79
661,22/02/2024,USA,Tablet,Paid Ads,Sports,4,4,0,1,105.77
662,28/07/2024,UK,Tablet,Email,Sports,9,4.83,1,1,41.99
663,21/02/2023,Germany,Desktop,Paid Ads,Beauty,4,5.49,0,1,19.90
664,23/07/2023,Canada,Desktop,Referral,Home,5,7.76,0,0,0.00
665,10/05/2024,Australia,Tablet,Direct,Books,6,4.66,0,0,0.00
666,16/01/2024,Australia,Desktop,Referral,Beauty,7,8.04,0,0,0.00
667,27/07/2024,USA,Mobile,Social Media,Sports,7,7.34,0,0,0.00
668,24/04/2024,UK,Mobile,Social Media,Home,6,8.36,1,0,0.00
669,28/04/2023,Australia,Mobile,Direct,Books,8,6,0,0,0.00
670,05/11/2023,Germany,Desktop,Email,Home,7,8.25,1,0,0.00
671,21/06/2024,Canada,Tablet,Social Media,Home,7,5.69,0,0,0.00
672,30/03/2023,India,Tablet,Direct,Sports,7,2.03,0,0,0.00
673,28/09/2023,Germany,Desktop,Social Media,Fashion,6,4.87,0,1,15.45
674,23/01/2023,UK,Mobile,Social Media,Books,6,5.2,1,1,35.12
675,16/09/2024,India,Desktop,Email,Books,3,4.82,0,0,0.00
676,01/03/2023,UK,Tablet,Email,Fashion,7,5.85,1,1,335.27
677,30/05/2024,USA,Tablet,Social Media,Sports,7,2.89,0,1,13.06
678,21/09/2024,Australia,Desktop,Paid Ads,Electronics,5,5.26,0,0,0.00
679,21/11/2023,Canada,Tablet,Referral,Fashion,3,4.38,1,1,219.60
680,25/01/2023,USA,Mobile,Direct,Sports,3,6.04,0,0,0.00
681,06/03/2024,USA,Tablet,Paid Ads,Electronics,5,3.07,1,0,0.00
682,04/10/2024,India,Desktop,Social Media,Books,5,2.69,1,0,0.00
683,09/03/2024,Germany,Mobile,Direct,Fashion,4,4.98,1,0,0.00
684,19/05/2023,India,Tablet,Paid Ads,Beauty,4,4.54,1,0,0.00
685,17/01/2024,Australia,Desktop,Email,Books,4,9.95,0,1,83.87
686,25/08/2023,USA,Desktop,Social Media,Home,2,3.39,1,1,157.89
687,17/01/2023,Australia,Mobile,Organic Search,Books,7,6.07,0,0,0.00
688,02/12/2023,Canada,Mobile,Referral,Books,5,4.01,0,0,0.00
689,02/03/2024,Australia,Mobile,Paid Ads,Beauty,8,7.54,1,0,0.00
690,19/06/2023,USA,Mobile,Email,Beauty,4,7.64,1,0,0.00
691,26/07/2024,USA,Tablet,Social Media,Electronics,6,3.77,0,0,0.00
692,18/11/2024,India,Desktop,Referral,Sports,5,6.63,0,0,0.00
693,29/08/2024,India,Desktop,Social Media,Beauty,6,7.33,0,0,0.00
694,31/03/2023,Australia,Tablet,Referral,Beauty,7,5.59,1,0,0.00
695,09/03/2023,USA,Tablet,Email,Home,5,5.67,0,0,0.00
696,03/07/2023,USA,Mobile,Social Media,Fashion,7,5.46,1,1,178.04
697,15/04/2024,Australia,Desktop,Direct,Home,5,2.7,1,1,46.14
698,26/03/2024,Australia,Mobile,Organic Search,Books,5,5.54,0,0,0.00
699,11/05/2024,UK,Desktop,Referral,Books,7,7.43,1,1,55.97
700,17/07/2024,USA,Mobile,Referral,Books,6,6.04,1,1,60.70
701,01/12/2024,Germany,Desktop,Referral,Home,4,6.19,0,1,60.91
702,01/05/2023,India,Desktop,Direct,Electronics,6,7.09,1,1,80.64
703,14/05/2024,USA,Mobile,Email,Home,12,4.21,0,0,0.00
704,21/01/2023,USA,Mobile,Social Media,Beauty,6,3.8,0,0,0.00
705,15/09/2023,USA,Desktop,Social Media,Home,9,2.57,1,0,0.00
706,21/09/2023,UK,Tablet,Direct,Sports,6,3.11,0,0,0.00
707,11/01/2023,India,Desktop,Direct,Home,4,8.52,0,0,0.00
708,28/06/2024,Australia,Mobile,Organic Search,Books,2,6.59,1,1,21.88
709,10/05/2024,India,Desktop,Social Media,Fashion,7,6.78,0,1,147.01
710,14/08/2024,Germany,Tablet,Referral,Books,5,4,1,1,97.21
711,19/08/2023,UK,Tablet,Organic Search,Books,5,3.13,0,0,0.00
712,18/10/2024,UK,Desktop,Referral,Fashion,7,4.84,1,0,0.00
713,28/01/2024,USA,Mobile,Email,Fashion,9,8.14,0,0,0.00
714,17/04/2024,Germany,Tablet,Referral,Home,4,2.99,1,1,64.36
715,24/04/2024,Germany,Tablet,Referral,Beauty,3,3.91,1,1,119.19
716,05/05/2023,Canada,Tablet,Paid Ads,Fashion,7,7.94,0,1,52.48
717,15/10/2023,Australia,Tablet,Organic Search,Sports,8,8.35,0,1,272.70
718,25/06/2024,Germany,Tablet,Direct,Home,6,7.21,1,0,0.00
719,19/10/2023,India,Tablet,Organic Search,Electronics,7,9.62,1,0,0.00
720,19/07/2024,Canada,Tablet,Paid Ads,Sports,5,7.12,0,0,0.00
721,15/09/2024,Canada,Mobile,Paid Ads,Home,3,6.75,0,0,0.00
722,14/09/2023,Canada,Desktop,Organic Search,Books,1,4.09,1,1,109.98
723,27/03/2023,USA,Tablet,Referral,Beauty,2,5.76,1,0,0.00
724,13/04/2024,India,Tablet,Email,Electronics,6,4.12,0,0,0.00
725,24/02/2024,Germany,Mobile,Referral,Beauty,4,1.82,0,0,0.00
726,14/04/2024,Germany,Tablet,Organic Search,Sports,4,6.29,1,1,33.74
727,09/03/2024,Germany,Tablet,Social Media,Books,5,3.99,0,0,0.00
728,17/05/2024,India,Desktop,Social Media,Electronics,9,7.67,0,0,0.00
729,29/10/2023,Australia,Mobile,Referral,Electronics,5,9.78,1,0,0.00
730,11/03/2023,India,Desktop,Social Media,Books,8,4.23,0,1,68.87
731,12/01/2024,India,Tablet,Organic Search,Electronics,8,2.69,0,0,0.00
732,13/06/2024,Germany,Mobile,Social Media,Beauty,9,5.24,0,1,19.08
733,01/01/2023,USA,Mobile,Direct,Books,7,6.78,1,0,0.00
734,24/05/2023,Australia,Desktop,Social Media,Beauty,3,4.4,1,0,0.00
735,01/03/2023,Germany,Desktop,Email,Electronics,5,5.4,0,0,0.00
736,16/01/2024,Australia,Tablet,Referral,Fashion,6,5.28,0,0,0.00
737,05/03/2023,Australia,Desktop,Organic Search,Fashion,6,9.16,0,0,0.00
738,30/01/2024,Canada,Desktop,Referral,Fashion,6,3.58,1,0,0.00
739,29/08/2023,Australia,Mobile,Organic Search,Electronics,8,6.39,0,0,0.00
740,29/11/2023,UK,Desktop,Direct,Books,3,7.93,0,1,150.08
741,08/10/2024,Canada,Desktop,Referral,Beauty,1,7.75,0,0,0.00
742,04/03/2024,USA,Mobile,Email,Home,5,7.32,1,1,46.17
743,22/05/2023,USA,Desktop,Paid Ads,Books,5,5.38,1,1,33.01
744,28/08/2023,India,Mobile,Direct,Beauty,5,8.83,1,0,0.00
745,06/11/2024,Canada,Mobile,Paid Ads,Fashion,5,7.55,1,1,94.61
746,27/02/2024,India,Mobile,Referral,Electronics,4,8.92,0,0,0.00
747,27/10/2024,Germany,Tablet,Direct,Books,3,5.52,0,0,0.00
748,11/08/2024,India,Mobile,Direct,Electronics,5,7.34,0,1,54.96
749,05/04/2023,Germany,Desktop,Paid Ads,Sports,5,8.93,0,0,0.00
750,15/07/2023,USA,Mobile,Paid Ads,Sports,7,4.7,1,0,0.00
751,03/10/2024,UK,Mobile,Direct,Sports,9,5.72,1,1,89.71
752,04/11/2023,UK,Tablet,Referral,Books,3,6.91,1,1,74.79
753,09/08/2023,UK,Mobile,Social Media,Fashion,7,4.8,0,1,115.15
754,05/12/2024,Australia,Tablet,Paid Ads,Beauty,4,7.24,1,1,46.74
755,15/07/2023,UK,Desktop,Organic Search,Sports,6,8.55,1,0,0.00
756,31/07/2024,Canada,Tablet,Paid Ads,Books,7,7.82,0,0,0.00
757,11/02/2023,Australia,Desktop,Referral,Beauty,4,7.01,0,0,0.00
758,13/07/2024,India,Desktop,Direct,Books,6,6.68,0,0,0.00
759,15/03/2023,Germany,Tablet,Social Media,Books,7,3,1,1,65.41
760,02/09/2023,Germany,Desktop,Paid Ads,Home,4,3.16,0,0,0.00
761,07/03/2023,Germany,Mobile,Referral,Beauty,5,4.24,1,0,0.00
762,18/02/2024,USA,Mobile,Social Media,Books,8,6.59,1,0,0.00
763,10/09/2023,USA,Desktop,Organic Search,Sports,7,6.98,0,0,0.00
764,12/05/2023,Germany,Desktop,Referral,Sports,6,5.54,0,1,39.19
765,06/09/2024,USA,Desktop,Paid Ads,Home,3,1,1,0,0.00
766,23/06/2024,USA,Desktop,Direct,Electronics,6,5.12,1,0,0.00
767,10/01/2023,Germany,Desktop,Organic Search,Sports,2,4.81,1,0,0.00
768,30/12/2024,Australia,Mobile,Organic Search,Home,6,5.24,1,0,0.00
769,12/12/2023,Germany,Tablet,Referral,Sports,3,3.46,0,0,0.00
770,24/12/2024,India,Mobile,Paid Ads,Sports,12,4.46,0,0,0.00
771,28/02/2023,Australia,Tablet,Referral,Fashion,5,3.55,1,0,0.00
772,05/11/2023,Germany,Mobile,Social Media,Home,7,2.51,1,0,0.00
773,29/04/2024,India,Mobile,Paid Ads,Books,6,4.16,0,1,48.89
774,29/09/2024,India,Tablet,Email,Fashion,3,4.37,1,0,0.00
775,16/06/2023,Australia,Tablet,Direct,Fashion,6,3.98,0,0,0.00
776,19/12/2023,Germany,Mobile,Referral,Home,3,6.9,1,1,50.39
777,08/06/2024,UK,Desktop,Email,Sports,6,6.55,1,1,69.71
778,09/09/2024,Australia,Desktop,Social Media,Home,4,6.27,0,0,0.00
779,20/12/2024,UK,Tablet,Email,Beauty,5,2.89,0,1,184.69
780,06/05/2024,India,Tablet,Email,Home,2,4.94,0,0,0.00
781,08/01/2024,USA,Desktop,Social Media,Beauty,9,3.89,1,0,0.00
782,06/08/2024,India,Tablet,Paid Ads,Books,5,7.04,1,0,0.00
783,22/03/2023,USA,Mobile,Social Media,Sports,5,5.86,0,1,49.53
784,01/08/2023,Canada,Tablet,Direct,Beauty,7,4.99,1,1,8.45
785,12/10/2024,UK,Mobile,Paid Ads,Home,5,10.71,1,1,63.63
786,11/07/2023,USA,Desktop,Referral,Fashion,8,2.6,1,0,0.00
787,09/08/2023,Germany,Tablet,Direct,Books,9,6.12,0,0,0.00
788,27/10/2023,UK,Desktop,Email,Books,4,2.76,1,0,0.00
789,27/07/2023,Australia,Tablet,Email,Beauty,8,5.96,0,0,0.00
790,16/08/2023,USA,Tablet,Social Media,Fashion,3,2.51,0,0,0.00
791,08/09/2024,USA,Tablet,Referral,Beauty,6,4.38,1,1,28.89
792,21/05/2023,USA,Tablet,Direct,Electronics,9,5.19,0,0,0.00
793,25/01/2024,Canada,Mobile,Organic Search,Books,2,2.82,0,0,0.00
794,04/12/2024,India,Mobile,Email,Fashion,7,6.29,1,1,62.39
795,23/11/2023,Australia,Mobile,Organic Search,Books,4,6.18,1,1,70.20
796,04/11/2024,USA,Mobile,Paid Ads,Sports,6,6.95,0,0,0.00
797,10/02/2024,Germany,Desktop,Organic Search,Sports,7,4.59,0,0,0.00
798,09/04/2023,Australia,Tablet,Referral,Beauty,6,5.17,0,1,68.35
799,02/05/2024,Australia,Desktop,Organic Search,Electronics,6,4.89,1,1,32.06
800,09/12/2024,Canada,Tablet,Email,Electronics,8,4.86,0,1,57.45
801,22/08/2023,India,Tablet,Direct,Home,12,4.57,0,0,0.00
802,28/05/2024,Canada,Desktop,Organic Search,Sports,6,2.99,0,0,0.00
803,11/05/2023,Australia,Tablet,Email,Fashion,10,7.64,1,1,57.07
804,04/06/2024,India,Mobile,Referral,Fashion,3,9.3,1,1,65.69
805,03/02/2024,USA,Mobile,Referral,Sports,3,3.08,0,0,0.00
806,27/05/2023,UK,Desktop,Social Media,Beauty,5,3.77,0,1,67.22
807,17/07/2024,India,Desktop,Email,Beauty,7,3.33,1,0,0.00
808,25/08/2023,Canada,Mobile,Direct,Fashion,9,6.53,0,0,0.00
809,11/12/2024,UK,Tablet,Organic Search,Books,7,2.59,0,0,0.00
810,18/04/2024,Australia,Mobile,Organic Search,Beauty,5,11.96,1,1,61.08
811,18/06/2024,Germany,Desktop,Referral,Beauty,2,6.14,0,0,0.00
812,24/02/2023,India,Tablet,Organic Search,Books,5,2.95,0,1,88.65
813,28/01/2023,USA,Mobile,Email,Beauty,6,3.65,1,0,0.00
814,05/06/2023,Australia,Desktop,Referral,Electronics,10,6.06,1,1,11.36
815,28/02/2024,Canada,Mobile,Paid Ads,Fashion,8,6.88,1,1,53.84
816,13/10/2023,Australia,Tablet,Email,Home,6,7.1,0,0,0.00
817,12/03/2023,India,Mobile,Direct,Home,5,4.53,0,0,0.00
818,10/06/2024,Canada,Tablet,Direct,Electronics,4,6.46,0,0,0.00
819,30/11/2023,USA,Desktop,Organic Search,Fashion,7,4.32,0,1,31.87
820,09/02/2024,Canada,Mobile,Direct,Beauty,5,4.34,0,0,0.00
821,07/06/2024,India,Desktop,Paid Ads,Sports,5,4.67,1,0,0.00
822,18/07/2024,USA,Tablet,Email,Books,6,8.43,1,1,44.18
823,06/12/2024,Canada,Desktop,Email,Books,6,9.43,0,0,0.00
824,31/03/2024,USA,Tablet,Direct,Electronics,5,5.14,1,0,0.00
825,16/10/2023,Canada,Tablet,Social Media,Electronics,4,3.4,0,0,0.00
826,19/06/2024,India,Desktop,Paid Ads,Electronics,5,3.34,0,0,0.00
827,10/03/2024,UK,Tablet,Referral,Sports,5,8.34,0,0,0.00
828,02/09/2023,Germany,Desktop,Organic Search,Books,4,6.46,1,0,0.00
829,22/10/2024,UK,Desktop,Email,Fashion,4,6.25,1,0,0.00
830,27/01/2024,UK,Tablet,Email,Beauty,4,8.7,1,1,67.94
831,09/06/2024,USA,Tablet,Referral,Books,7,3.66,1,1,77.73
832,30/11/2023,Germany,Mobile,Referral,Home,4,7.18,1,1,129.73
833,16/11/2023,USA,Tablet,Organic Search,Electronics,5,5.17,1,0,0.00
834,07/11/2023,UK,Mobile,Email,Books,4,4.32,0,0,0.00
835,19/03/2023,Australia,Mobile,Direct,Beauty,9,10.49,1,0,0.00
836,27/05/2023,UK,Desktop,Organic Search,Electronics,7,1,1,1,33.29
837,13/04/2023,India,Desktop,Email,Home,5,5.42,1,0,0.00
838,29/06/2024,UK,Mobile,Paid Ads,Electronics,6,7.15,1,1,43.96
839,09/12/2023,USA,Desktop,Email,Sports,1,2.18,0,0,0.00
840,06/10/2024,Canada,Tablet,Email,Electronics,6,7.54,1,1,74.46
841,30/05/2023,India,Mobile,Social Media,Sports,3,8.79,0,0,0.00
842,15/06/2024,India,Tablet,Referral,Home,6,7.54,0,0,0.00
843,12/01/2023,Germany,Mobile,Social Media,Beauty,7,7.46,0,0,0.00
844,15/11/2023,Germany,Mobile,Direct,Sports,7,5.05,1,0,0.00
845,11/05/2024,USA,Tablet,Referral,Fashion,4,9.35,1,0,0.00
846,17/08/2024,Australia,Desktop,Paid Ads,Fashion,3,6.21,0,1,52.44
847,18/08/2024,UK,Desktop,Social Media,Beauty,6,6.74,0,0,0.00
848,08/04/2024,USA,Mobile,Paid Ads,Beauty,7,2.88,0,0,0.00
849,26/01/2023,UK,Desktop,Social Media,Beauty,7,7.04,1,0,0.00
850,02/09/2024,India,Desktop,Social Media,Fashion,9,5.66,0,1,45.25
851,25/10/2024,Australia,Tablet,Email,Sports,8,9.06,1,0,0.00
852,24/01/2024,Canada,Mobile,Email,Electronics,5,7.95,0,0,0.00
853,26/02/2023,USA,Desktop,Organic Search,Beauty,6,6.53,1,0,0.00
854,28/05/2024,UK,Tablet,Email,Home,8,6.24,1,0,0.00
855,09/10/2024,Germany,Desktop,Email,Books,10,5.12,1,0,0.00
856,09/03/2023,Canada,Mobile,Social Media,Home,8,3.24,0,1,198.64
857,01/06/2023,Canada,Tablet,Paid Ads,Beauty,6,6.97,1,1,23.60
858,28/09/2024,UK,Mobile,Email,Home,12,4.13,0,1,27.30
859,05/05/2024,UK,Tablet,Direct,Books,6,5.21,1,0,0.00
860,30/04/2023,Germany,Tablet,Paid Ads,Home,2,5.17,1,1,111.13
861,02/02/2024,Germany,Desktop,Email,Home,8,9.64,1,1,12.37
862,17/06/2023,India,Tablet,Paid Ads,Sports,8,7.77,0,0,0.00
863,13/02/2024,Canada,Mobile,Direct,Sports,6,9.93,0,1,64.67
864,02/08/2023,India,Tablet,Email,Books,4,6.51,1,0,0.00
865,06/10/2023,USA,Desktop,Social Media,Books,5,2.55,0,1,59.98
866,16/09/2023,India,Desktop,Direct,Beauty,7,3.85,0,0,0.00
867,26/01/2024,USA,Tablet,Social Media,Fashion,7,5.7,1,1,34.18
868,10/01/2023,UK,Tablet,Paid Ads,Books,11,5.86,0,0,0.00
869,01/07/2024,Germany,Desktop,Organic Search,Beauty,4,6.04,0,1,136.41
870,02/08/2024,Canada,Desktop,Referral,Beauty,6,5.96,1,0,0.00
871,18/03/2024,Canada,Tablet,Direct,Beauty,7,3.67,1,0,0.00
872,01/10/2024,Canada,Mobile,Social Media,Books,7,2.98,0,1,87.93
873,03/01/2024,Canada,Tablet,Direct,Electronics,7,7.8,0,1,60.01
874,25/10/2024,India,Mobile,Direct,Books,2,5.79,1,1,104.68
875,04/07/2024,UK,Mobile,Direct,Sports,4,3.22,0,0,0.00
876,20/04/2023,India,Tablet,Direct,Books,3,7.59,0,1,177.61
877,07/05/2024,Australia,Desktop,Social Media,Beauty,8,5.96,0,0,0.00
878,01/03/2024,India,Mobile,Organic Search,Home,3,5.5,0,0,0.00
879,16/12/2023,USA,Tablet,Direct,Sports,5,8.32,0,0,0.00
880,21/04/2024,Canada,Tablet,Direct,Sports,5,7.56,0,0,0.00
881,27/06/2024,USA,Desktop,Social Media,Beauty,9,3.87,0,0,0.00
882,31/10/2023,Germany,Tablet,Referral,Books,4,8.04,1,0,0.00
883,17/01/2024,Canada,Mobile,Social Media,Electronics,5,4.92,1,0,0.00
884,01/04/2023,Germany,Mobile,Social Media,Beauty,5,2.2,1,0,0.00
885,18/04/2024,India,Mobile,Direct,Fashion,4,6.05,0,0,0.00
886,06/08/2024,UK,Desktop,Social Media,Beauty,3,7.79,1,1,35.74
887,13/01/2024,USA,Tablet,Email,Home,7,5.64,0,0,0.00
888,23/10/2023,Germany,Mobile,Email,Books,7,10.56,0,1,36.82
889,28/07/2023,Australia,Desktop,Social Media,Electronics,5,6.32,0,0,0.00
890,21/12/2024,UK,Mobile,Direct,Electronics,7,3.56,1,1,42.30
891,23/07/2023,India,Desktop,Direct,Electronics,6,6.44,0,0,0.00
892,16/10/2023,Australia,Mobile,Direct,Fashion,5,4.94,0,0,0.00
893,22/12/2024,Canada,Mobile,Referral,Fashion,4,3.85,1,0,0.00
894,06/03/2023,UK,Tablet,Email,Beauty,9,6.68,0,0,0.00
895,14/02/2024,USA,Desktop,Direct,Fashion,6,9.83,0,0,0.00
896,23/10/2024,USA,Tablet,Direct,Beauty,4,5.77,0,0,0.00
897,13/06/2024,Germany,Mobile,Direct,Sports,4,7.09,1,1,15.50
898,25/08/2023,USA,Desktop,Referral,Beauty,4,5.41,0,1,175.91
899,02/03/2023,Germany,Mobile,Direct,Fashion,3,6.21,0,0,0.00
900,08/01/2023,USA,Desktop,Direct,Electronics,9,5.5,0,0,0.00
901,08/06/2024,Canada,Mobile,Referral,Fashion,10,3.33,1,0,0.00
902,28/03/2024,UK,Desktop,Paid Ads,Beauty,4,6.47,0,0,0.00
903,13/07/2023,India,Desktop,Direct,Beauty,7,1,0,0,0.00
904,27/04/2023,Canada,Tablet,Social Media,Sports,10,9.21,0,0,0.00
905,29/03/2024,Germany,Tablet,Email,Sports,7,2.42,0,0,0.00
906,01/02/2024,India,Desktop,Social Media,Beauty,3,2.25,0,0,0.00
907,20/01/2024,Canada,Mobile,Direct,Books,8,10.09,1,1,100.72
908,21/02/2023,UK,Tablet,Referral,Electronics,9,7.26,1,0,0.00
909,28/11/2024,Australia,Mobile,Social Media,Electronics,5,7.88,0,1,114.05
910,13/09/2024,USA,Desktop,Organic Search,Fashion,5,2.59,1,0,0.00
911,02/10/2023,UK,Tablet,Paid Ads,Sports,4,5.37,1,0,0.00
912,20/11/2023,Germany,Desktop,Referral,Fashion,11,6.77,1,0,0.00
913,14/09/2023,Canada,Desktop,Email,Fashion,4,8.86,1,1,32.64
914,24/04/2024,Germany,Tablet,Referral,Books,6,8.64,0,1,6.81
915,28/07/2023,Australia,Mobile,Referral,Fashion,4,6.55,1,0,0.00
916,30/09/2023,Germany,Desktop,Paid Ads,Fashion,4,4.61,0,0,0.00
917,12/11/2023,UK,Desktop,Referral,Electronics,7,7.28,1,1,218.96
918,08/12/2024,UK,Mobile,Email,Fashion,2,5.62,0,0,0.00
919,14/06/2023,USA,Desktop,Referral,Sports,9,6.13,0,1,311.06
920,25/02/2023,Australia,Desktop,Email,Books,5,2.55,0,1,31.69
921,20/03/2023,Germany,Desktop,Direct,Beauty,7,5.37,1,0,0.00
922,12/03/2023,Germany,Mobile,Organic Search,Sports,9,2.64,1,1,20.61
923,13/04/2023,India,Mobile,Social Media,Electronics,1,3.32,1,0,0.00
924,13/06/2024,UK,Mobile,Referral,Home,6,5.36,1,1,154.51
925,26/12/2024,USA,Desktop,Referral,Books,6,6.58,0,1,130.87
926,23/06/2024,Germany,Tablet,Referral,Electronics,11,7.86,0,0,0.00
927,08/04/2024,Canada,Mobile,Social Media,Sports,5,2.64,1,1,44.04
928,05/07/2023,UK,Tablet,Organic Search,Books,11,7.06,0,1,156.26
929,07/10/2023,Germany,Tablet,Paid Ads,Beauty,5,1,0,0,0.00
930,16/02/2023,India,Tablet,Direct,Fashion,12,7.09,0,1,21.97
931,17/09/2024,UK,Mobile,Email,Home,4,6.74,0,0,0.00
932,04/02/2023,UK,Mobile,Email,Electronics,6,7.18,1,0,0.00
933,17/11/2024,USA,Mobile,Direct,Sports,4,5.84,0,0,0.00
934,29/01/2023,Australia,Desktop,Direct,Sports,7,4.51,1,1,100.33
935,08/05/2024,Australia,Desktop,Paid Ads,Sports,8,5.32,0,0,0.00
936,21/01/2023,USA,Mobile,Paid Ads,Electronics,6,6,0,1,101.88
937,12/09/2024,Canada,Desktop,Referral,Home,9,2.73,0,0,0.00
938,08/07/2024,Canada,Tablet,Paid Ads,Home,3,5.65,1,0,0.00
939,01/06/2023,Australia,Desktop,Social Media,Sports,5,8.72,0,1,81.57
940,22/06/2023,UK,Tablet,Direct,Electronics,11,4.12,0,0,0.00
941,04/10/2024,USA,Desktop,Organic Search,Home,3,8.61,1,0,0.00
942,22/03/2023,Australia,Mobile,Direct,Fashion,5,4.19,0,1,47.87
943,11/05/2024,USA,Mobile,Direct,Home,7,8.27,0,0,0.00
944,15/04/2023,USA,Tablet,Email,Beauty,6,3.26,1,1,109.21
945,04/10/2023,USA,Tablet,Direct,Home,3,6.65,0,1,101.37
946,06/04/2024,Australia,Desktop,Email,Beauty,3,5.64,0,0,0.00
947,17/09/2023,India,Tablet,Organic Search,Beauty,6,5.72,1,1,39.00
948,20/11/2024,Canada,Tablet,Social Media,Books,7,5.62,1,0,0.00
949,30/06/2024,UK,Desktop,Email,Home,8,2.38,0,0,0.00
950,25/03/2024,Canada,Mobile,Direct,Electronics,2,4.1,0,0,0.00
951,12/03/2024,Australia,Desktop,Direct,Books,8,5.37,0,0,0.00
952,05/04/2023,Australia,Desktop,Organic Search,Sports,3,7.48,0,0,0.00
953,08/07/2024,Germany,Mobile,Email,Fashion,9,8.65,0,0,0.00
954,14/07/2024,Germany,Desktop,Social Media,Home,7,7.68,0,0,0.00
955,18/06/2024,UK,Tablet,Referral,Fashion,8,2.37,0,0,0.00
956,24/06/2023,Canada,Desktop,Social Media,Books,9,3.46,0,0,0.00
957,19/09/2023,India,Mobile,Organic Search,Books,4,7.04,1,1,56.06
958,08/11/2023,Germany,Mobile,Organic Search,Fashion,5,9.68,1,0,0.00
959,24/08/2023,Germany,Desktop,Organic Search,Beauty,6,6.25,1,0,0.00
960,28/10/2024,USA,Tablet,Paid Ads,Books,3,8.55,1,1,92.03
961,26/01/2023,UK,Mobile,Social Media,Electronics,4,6.48,0,0,0.00
962,07/10/2024,Australia,Desktop,Social Media,Electronics,8,4.38,1,1,32.11
963,13/11/2023,UK,Tablet,Direct,Fashion,9,3.2,1,1,14.75
964,23/01/2023,India,Desktop,Direct,Home,7,5.76,1,0,0.00
965,22/10/2024,Australia,Tablet,Paid Ads,Beauty,5,4.55,1,1,13.79
966,13/06/2023,Australia,Mobile,Direct,Electronics,9,5.49,0,1,156.59
967,26/02/2024,India,Mobile,Email,Electronics,6,8.32,0,0,0.00
968,27/09/2024,USA,Tablet,Paid Ads,Sports,5,5.13,1,1,90.05
969,13/11/2024,Australia,Desktop,Organic Search,Electronics,9,7.83,0,0,0.00
970,08/08/2024,Australia,Desktop,Organic Search,Beauty,7,9.35,0,1,22.83
971,12/02/2023,Australia,Mobile,Email,Electronics,6,4.99,0,0,0.00
972,25/12/2023,USA,Desktop,Organic Search,Books,8,6.48,1,0,0.00
973,15/11/2024,India,Mobile,Social Media,Home,9,6.36,0,0,0.00
974,17/04/2024,UK,Mobile,Email,Fashion,11,7.27,0,0,0.00
975,22/05/2023,Australia,Tablet,Paid Ads,Electronics,2,9.84,1,0,0.00
976,14/06/2024,Canada,Tablet,Organic Search,Sports,8,6.4,0,0,0.00
977,14/05/2024,Australia,Mobile,Email,Home,5,4.28,1,1,79.31
978,01/10/2023,Australia,Mobile,Direct,Books,2,4.94,1,0,0.00
979,13/09/2023,USA,Desktop,Referral,Books,6,5.22,0,0,0.00
980,25/11/2023,Germany,Mobile,Organic Search,Electronics,6,2.17,0,0,0.00
981,30/07/2024,USA,Mobile,Referral,Books,8,7.24,0,1,58.59
982,30/01/2023,Germany,Desktop,Email,Home,5,8.18,1,0,0.00
983,25/05/2023,USA,Mobile,Social Media,Books,1,6.2,1,1,95.86
984,16/09/2024,India,Mobile,Referral,Sports,8,8.89,1,1,9.22
985,27/01/2023,Canada,Tablet,Referral,Home,4,6.07,1,0,0.00
986,03/12/2024,Australia,Mobile,Direct,Home,12,7.41,1,0,0.00
987,12/03/2023,USA,Tablet,Referral,Sports,3,3.52,0,0,0.00
988,22/04/2024,USA,Tablet,Email,Home,9,5.83,0,0,0.00
989,12/05/2024,Australia,Mobile,Paid Ads,Beauty,7,8.14,1,0,0.00
990,04/09/2024,Germany,Mobile,Paid Ads,Beauty,8,3.51,0,0,0.00
991,24/12/2024,Australia,Tablet,Organic Search,Sports,9,3.17,1,0,0.00
992,28/10/2024,India,Desktop,Social Media,Fashion,6,3.26,0,0,0.00
993,06/07/2024,Germany,Tablet,Email,Home,8,3.58,0,0,0.00
994,16/01/2024,Canada,Tablet,Paid Ads,Beauty,5,6.76,1,0,0.00
995,18/11/2024,India,Mobile,Referral,Electronics,4,7.74,0,0,0.00
996,02/04/2023,India,Desktop,Paid Ads,Electronics,7,4.14,1,0,0.00
997,08/12/2023,India,Desktop,Referral,Home,6,5.34,1,1,46.10
998,16/02/2024,Australia,Tablet,Referral,Beauty,3,5.64,1,0,0.00
999,02/05/2024,Germany,Tablet,Email,Electronics,6,4.81,0,1,140.37
1000,09/09/2024,Australia,Tablet,Referral,Sports,7,3.21,1,1,166.19
1001,16/03/2024,USA,Desktop,Organic Search,Home,5,6.96,0,0,0.00
1002,14/04/2023,India,Tablet,Paid Ads,Fashion,5,4.85,0,0,0.00
1003,01/09/2023,Canada,Desktop,Email,Sports,6,5.8,0,1,69.10
1004,20/10/2024,Australia,Tablet,Direct,Books,5,6,1,0,0.00
1005,02/09/2024,India,Desktop,Direct,Beauty,2,6.11,0,0,0.00
1006,27/10/2023,Australia,Mobile,Organic Search,Fashion,7,4.15,1,0,0.00
1007,10/11/2024,India,Desktop,Organic Search,Beauty,4,8.58,0,1,53.68
1008,28/08/2023,Canada,Tablet,Organic Search,Home,5,4.54,0,0,0.00
1009,04/11/2023,Australia,Tablet,Direct,Books,9,5.53,0,1,1.46
1010,14/08/2024,USA,Mobile,Organic Search,Books,5,8.81,0,0,0.00
1011,07/10/2024,USA,Tablet,Organic Search,Fashion,7,6.46,1,1,66.74
1012,24/01/2024,Germany,Desktop,Referral,Sports,4,4.65,1,0,0.00
1013,02/10/2023,Australia,Desktop,Paid Ads,Home,6,6.32,0,0,0.00
1014,27/07/2023,USA,Tablet,Social Media,Books,9,9.27,0,0,0.00
1015,21/10/2023,India,Mobile,Social Media,Beauty,5,5.13,1,0,0.00
1016,26/11/2023,UK,Tablet,Organic Search,Home,4,8.1,1,1,143.08
1017,11/09/2024,Australia,Tablet,Direct,Electronics,6,9.23,0,0,0.00
1018,25/04/2023,Germany,Desktop,Referral,Home,3,3.01,1,0,0.00
1019,23/03/2023,India,Desktop,Referral,Fashion,2,7.45,0,0,0.00
1020,18/06/2024,UK,Mobile,Social Media,Electronics,8,6.1,1,0,0.00
1021,05/01/2024,Canada,Tablet,Direct,Electronics,10,5.61,0,1,148.03
1022,31/08/2023,USA,Tablet,Referral,Electronics,7,5.34,1,0,0.00
1023,17/06/2024,India,Mobile,Paid Ads,Electronics,4,8.31,0,1,26.25
1024,26/07/2024,Germany,Desktop,Email,Fashion,6,4.15,1,1,98.40
1025,06/01/2024,USA,Mobile,Referral,Books,6,5.34,1,1,59.89
1026,22/01/2024,Australia,Tablet,Email,Fashion,6,6.14,0,1,144.38
1027,31/05/2023,UK,Mobile,Email,Books,5,3.72,0,1,78.47
1028,28/07/2024,UK,Desktop,Organic Search,Sports,2,4.39,0,0,0.00
1029,26/05/2024,UK,Mobile,Referral,Books,6,5.68,1,0,0.00
1030,07/11/2024,India,Mobile,Paid Ads,Sports,4,6.74,1,1,30.74
1031,06/11/2024,India,Desktop,Organic Search,Beauty,4,4.3,1,0,0.00
1032,10/06/2024,UK,Desktop,Social Media,Electronics,2,4.15,0,0,0.00
1033,07/08/2023,Canada,Desktop,Organic Search,Home,7,9.29,0,0,0.00
1034,23/02/2024,USA,Desktop,Referral,Home,8,6.65,1,1,49.79
1035,14/05/2024,Australia,Tablet,Paid Ads,Beauty,2,1.91,0,1,80.17
1036,30/10/2024,UK,Tablet,Email,Fashion,7,5.85,0,0,0.00
1037,13/01/2023,Australia,Tablet,Paid Ads,Fashion,9,6.6,1,1,118.40
1038,30/07/2024,India,Desktop,Organic Search,Fashion,6,7.26,1,1,52.38
1039,31/05/2023,Canada,Desktop,Direct,Books,3,3.95,0,0,0.00
1040,14/10/2023,India,Desktop,Organic Search,Books,4,6.7,0,1,86.46
1041,28/10/2023,Germany,Tablet,Direct,Home,5,5.7,0,0,0.00
1042,15/10/2024,India,Mobile,Referral,Fashion,3,6.38,1,1,71.66
1043,17/12/2023,Germany,Desktop,Organic Search,Fashion,4,7.05,1,0,0.00
1044,01/06/2023,Australia,Desktop,Organic Search,Electronics,6,3.64,0,0,0.00
1045,25/02/2024,USA,Tablet,Email,Books,7,8.31,1,1,91.88
1046,10/12/2024,UK,Desktop,Direct,Electronics,3,3.98,1,1,51.12
1047,24/10/2024,Canada,Mobile,Referral,Fashion,3,7.44,0,0,0.00
1048,13/01/2024,Australia,Desktop,Organic Search,Sports,10,5.76,0,1,68.99
1049,24/09/2023,Canada,Mobile,Email,Books,4,3.27,1,0,0.00
1050,17/12/2024,USA,Mobile,Social Media,Home,10,7.65,0,0,0.00
1051,02/10/2023,UK,Desktop,Direct,Books,8,5.49,0,0,0.00
1052,14/11/2024,UK,Desktop,Email,Home,5,7.59,0,0,0.00
1053,29/10/2023,USA,Mobile,Paid Ads,Fashion,4,4.47,1,0,0.00
1054,26/07/2023,Canada,Mobile,Paid Ads,Electronics,7,7.76,0,0,0.00
1055,28/05/2024,USA,Desktop,Email,Home,4,4.98,0,0,0.00
1056,14/07/2024,Germany,Mobile,Referral,Home,4,1,1,1,116.63
1057,23/04/2023,USA,Desktop,Social Media,Beauty,6,7.84,0,1,168.55
1058,08/11/2024,UK,Mobile,Organic Search,Fashion,7,6.57,0,0,0.00
1059,26/12/2023,Australia,Desktop,Direct,Books,7,5.49,1,1,199.65
1060,27/12/2024,Canada,Mobile,Paid Ads,Home,8,3.87,0,1,83.81
1061,26/01/2023,USA,Mobile,Direct,Fashion,4,5.9,0,0,0.00
1062,15/10/2024,UK,Desktop,Referral,Electronics,5,7.17,1,0,0.00
1063,04/08/2023,Australia,Desktop,Social Media,Fashion,7,8.85,1,0,0.00
1064,23/01/2023,India,Desktop,Email,Sports,6,8.04,0,1,60.33
1065,18/09/2023,Australia,Tablet,Paid Ads,Electronics,8,6.52,1,1,40.71
1066,16/09/2023,Germany,Mobile,Paid Ads,Electronics,7,3.23,1,1,61.07
1067,05/08/2023,India,Mobile,Paid Ads,Fashion,7,7.68,1,0,0.00
1068,20/03/2023,USA,Desktop,Social Media,Books,4,10.14,0,1,58.23
1069,18/03/2023,Australia,Tablet,Organic Search,Sports,5,4.21,1,0,0.00
1070,29/11/2023,Canada,Desktop,Organic Search,Electronics,5,4.21,1,1,100.88
1071,22/05/2024,India,Mobile,Direct,Beauty,4,7.97,1,0,0.00
1072,10/08/2023,USA,Mobile,Social Media,Electronics,9,6.21,0,0,0.00
1073,16/11/2023,India,Desktop,Organic Search,Fashion,7,5.97,0,0,0.00
1074,25/11/2024,Canada,Desktop,Direct,Beauty,7,7.31,1,1,181.24
1075,26/11/2024,Germany,Mobile,Email,Books,5,6.84,1,0,0.00
1076,21/11/2024,Germany,Mobile,Social Media,Fashion,9,1.62,0,1,16.89
1077,04/01/2024,USA,Desktop,Social Media,Beauty,8,2,0,0,0.00
1078,09/08/2023,USA,Mobile,Referral,Sports,5,5.79,0,0,0.00
1079,26/03/2023,Canada,Mobile,Direct,Home,5,6.2,0,0,0.00
1080,25/06/2024,Germany,Desktop,Referral,Beauty,3,7.23,0,0,0.00
1081,15/10/2024,India,Mobile,Social Media,Beauty,6,7.4,1,0,0.00
1082,29/08/2023,USA,Desktop,Paid Ads,Books,6,5.23,1,1,100.19
1083,29/05/2023,Canada,Mobile,Direct,Sports,9,6.35,1,0,0.00
1084,10/06/2023,India,Desktop,Direct,Home,3,5.82,0,0,0.00
1085,18/01/2023,Germany,Tablet,Email,Home,3,9.22,1,0,0.00
1086,23/05/2024,Canada,Tablet,Social Media,Beauty,9,5.45,0,0,0.00
1087,14/01/2024,UK,Mobile,Organic Search,Home,7,4.5,0,0,0.00
1088,21/08/2023,Canada,Mobile,Organic Search,Home,11,4.2,0,1,47.51
1089,14/01/2023,India,Desktop,Referral,Home,4,7.26,0,1,34.42
1090,21/06/2023,Canada,Mobile,Paid Ads,Electronics,8,5.12,1,1,7.11
1091,05/11/2024,USA,Tablet,Paid Ads,Home,4,6.96,1,0,0.00
1092,08/04/2023,Canada,Tablet,Organic Search,Fashion,2,6.29,0,0,0.00
1093,27/11/2024,Canada,Desktop,Social Media,Fashion,6,7.62,0,0,0.00
1094,30/06/2023,USA,Mobile,Referral,Home,5,7.57,1,0,0.00
1095,30/06/2023,Australia,Tablet,Social Media,Sports,11,9.08,1,1,46.93
1096,06/11/2023,India,Tablet,Direct,Home,7,9.91,0,0,0.00
1097,22/05/2024,Canada,Tablet,Paid Ads,Sports,2,4.01,0,0,0.00
1098,31/10/2023,USA,Desktop,Referral,Home,3,3.39,0,1,42.53
1099,11/09/2024,USA,Desktop,Organic Search,Electronics,8,8.16,0,0,0.00
1100,15/07/2023,India,Mobile,Referral,Fashion,8,5.83,1,1,48.19
1101,25/11/2024,India,Tablet,Email,Electronics,8,9.09,1,1,28.02
1102,17/06/2024,UK,Tablet,Paid Ads,Fashion,6,3.46,0,0,0.00
1103,15/02/2023,UK,Tablet,Paid Ads,Home,3,7.86,1,1,78.97
1104,25/03/2023,India,Mobile,Paid Ads,Sports,6,5.14,1,1,162.65
1105,30/03/2023,Australia,Mobile,Organic Search,Sports,6,8.85,1,0,0.00
1106,23/07/2024,UK,Mobile,Social Media,Books,10,8.83,0,1,52.64
1107,16/05/2024,Australia,Desktop,Referral,Electronics,5,5.11,1,0,0.00
1108,14/10/2024,UK,Desktop,Social Media,Fashion,4,4.41,1,1,203.64
1109,26/12/2024,USA,Tablet,Email,Books,5,6.54,0,0,0.00
1110,17/08/2023,Germany,Tablet,Social Media,Fashion,6,7.8,1,0,0.00
1111,25/05/2024,Australia,Tablet,Direct,Sports,1,5.94,0,0,0.00
1112,21/12/2024,UK,Mobile,Direct,Sports,10,5.2,0,0,0.00
1113,29/09/2024,USA,Desktop,Social Media,Books,8,6.22,1,1,54.58
1114,04/11/2023,Australia,Desktop,Paid Ads,Fashion,4,6.52,1,1,25.85
1115,18/04/2023,Australia,Mobile,Direct,Sports,4,4.02,1,0,0.00
1116,17/07/2023,Germany,Tablet,Organic Search,Fashion,5,2.86,0,0,0.00
1117,03/09/2023,Canada,Desktop,Referral,Fashion,7,6.76,0,0,0.00
1118,05/12/2024,Australia,Tablet,Organic Search,Beauty,12,5.67,1,0,0.00
1119,17/04/2023,USA,Desktop,Direct,Electronics,10,8.97,0,1,29.11
1120,10/06/2024,USA,Desktop,Social Media,Fashion,3,7.37,0,0,0.00
1121,27/06/2024,Australia,Mobile,Direct,Books,6,7.56,1,1,44.09
1122,02/12/2024,Australia,Tablet,Social Media,Beauty,9,4.47,1,1,60.61
1123,29/07/2023,India,Desktop,Paid Ads,Fashion,6,7.45,0,1,124.95
1124,09/02/2023,Australia,Mobile,Social Media,Home,4,8.5,0,1,13.51
1125,22/08/2023,India,Tablet,Organic Search,Electronics,8,5.23,0,1,38.66
1126,19/10/2023,Germany,Desktop,Direct,Beauty,12,7.93,1,1,123.91
1127,06/09/2024,USA,Desktop,Email,Beauty,8,4.9,0,0,0.00
1128,26/09/2024,UK,Tablet,Email,Electronics,4,4.35,1,0,0.00
1129,23/07/2024,Germany,Tablet,Direct,Books,4,6.48,0,0,0.00
1130,09/06/2023,USA,Mobile,Email,Electronics,6,6.45,1,1,7.24
1131,05/01/2024,India,Desktop,Organic Search,Home,8,3.27,1,0,0.00
1132,13/07/2024,UK,Mobile,Organic Search,Home,7,3.21,1,0,0.00
1133,12/03/2024,USA,Desktop,Paid Ads,Books,6,9.96,0,1,17.23
1134,16/12/2024,India,Tablet,Organic Search,Home,16,7.46,0,1,16.99
1135,15/07/2024,Canada,Tablet,Email,Books,1,7.08,0,0,0.00
1136,04/12/2023,India,Desktop,Direct,Fashion,4,9.84,0,0,0.00
1137,11/12/2023,Canada,Desktop,Paid Ads,Electronics,5,7,1,1,65.19
1138,19/10/2023,India,Desktop,Paid Ads,Fashion,2,8.25,1,0,0.00
1139,12/08/2023,Germany,Tablet,Referral,Books,8,7.35,0,1,35.23
1140,30/10/2023,Australia,Tablet,Social Media,Books,4,5.82,1,1,26.45
1141,25/10/2024,UK,Desktop,Paid Ads,Electronics,9,2.8,1,0,0.00
1142,13/09/2024,India,Desktop,Referral,Sports,2,6.33,0,0,0.00
1143,06/08/2023,Germany,Mobile,Organic Search,Home,7,5.94,0,0,0.00
1144,03/03/2024,India,Desktop,Organic Search,Home,8,8.26,0,0,0.00
1145,01/12/2024,Australia,Tablet,Referral,Beauty,6,3.71,1,0,0.00
1146,16/11/2023,USA,Mobile,Organic Search,Fashion,9,8.92,0,1,66.79
1147,30/07/2023,USA,Tablet,Social Media,Electronics,5,6.52,1,0,0.00
1148,02/01/2023,Germany,Mobile,Social Media,Beauty,8,2.98,1,0,0.00
1149,15/04/2023,Germany,Desktop,Direct,Home,13,5.27,0,0,0.00
1150,14/07/2024,India,Tablet,Referral,Beauty,5,6.44,1,0,0.00
1151,15/03/2023,USA,Desktop,Email,Home,7,6.39,0,0,0.00
1152,05/02/2023,USA,Desktop,Organic Search,Home,5,9.35,0,0,0.00
1153,16/12/2024,Germany,Desktop,Social Media,Fashion,4,6.36,1,0,0.00
1154,26/02/2023,UK,Tablet,Organic Search,Fashion,10,4.09,0,0,0.00
1155,29/12/2024,Australia,Tablet,Organic Search,Electronics,6,6.77,1,0,0.00
1156,16/01/2023,Australia,Desktop,Referral,Beauty,4,8.24,0,0,0.00
1157,05/02/2023,Canada,Mobile,Referral,Electronics,4,5.16,0,0,0.00
1158,11/05/2023,Germany,Tablet,Email,Sports,11,4.92,0,0,0.00
1159,05/04/2023,Australia,Desktop,Referral,Fashion,5,5.14,1,1,55.09
1160,19/10/2023,Germany,Desktop,Organic Search,Beauty,3,8.48,1,0,0.00
1161,24/12/2024,Australia,Mobile,Referral,Sports,7,6.05,0,1,23.90
1162,15/09/2023,Canada,Tablet,Direct,Sports,9,3.81,0,1,3.01
1163,04/01/2023,USA,Mobile,Email,Fashion,10,6.65,0,0,0.00
1164,31/10/2024,USA,Mobile,Paid Ads,Fashion,6,5.76,0,0,0.00
1165,16/12/2023,India,Desktop,Organic Search,Books,5,4.89,0,0,0.00
1166,26/01/2023,Germany,Mobile,Direct,Fashion,10,9.16,1,1,73.09
1167,27/11/2024,Canada,Desktop,Social Media,Books,6,4.7,0,0,0.00
1168,27/10/2024,India,Mobile,Email,Sports,7,7.31,1,1,35.89
1169,19/06/2023,Germany,Tablet,Social Media,Home,5,9.06,1,1,59.39
1170,03/01/2023,Canada,Desktop,Organic Search,Books,10,4.22,1,1,28.34
1171,21/01/2023,Canada,Tablet,Referral,Beauty,7,4.61,1,1,20.15
1172,13/03/2023,India,Desktop,Paid Ads,Fashion,4,5.28,1,0,0.00
1173,09/02/2024,Canada,Tablet,Referral,Electronics,8,5.26,0,1,57.32
1174,10/06/2023,India,Tablet,Organic Search,Home,11,7.5,1,0,0.00
1175,12/02/2023,Canada,Desktop,Email,Home,4,6.35,0,0,0.00
1176,07/06/2024,Germany,Tablet,Email,Sports,5,4.3,0,0,0.00
1177,03/02/2024,Canada,Desktop,Organic Search,Fashion,7,9.09,0,1,102.98
1178,07/08/2024,UK,Desktop,Paid Ads,Sports,4,4.95,1,0,0.00
1179,11/09/2023,Canada,Tablet,Direct,Beauty,6,6.63,0,0,0.00
1180,21/07/2023,India,Desktop,Social Media,Books,5,4.3,1,1,69.34
1181,06/05/2024,USA,Mobile,Direct,Beauty,9,3.79,0,0,0.00
1182,10/06/2024,UK,Desktop,Organic Search,Home,9,6.87,0,1,46.39
1183,14/09/2024,UK,Desktop,Social Media,Beauty,11,3.77,0,0,0.00
1184,10/12/2023,Australia,Tablet,Organic Search,Fashion,6,8.34,0,0,0.00
1185,09/03/2024,USA,Desktop,Direct,Beauty,7,6.83,0,0,0.00
1186,03/02/2024,UK,Desktop,Direct,Beauty,9,7.23,0,0,0.00
1187,07/01/2024,Canada,Tablet,Organic Search,Fashion,5,4.5,1,1,34.85
1188,05/09/2024,Germany,Mobile,Email,Books,7,3.75,1,0,0.00
1189,06/01/2023,Germany,Tablet,Social Media,Electronics,4,7.29,0,1,75.61
1190,04/08/2024,Canada,Mobile,Organic Search,Home,4,3.7,1,0,0.00
1191,25/07/2023,Australia,Tablet,Email,Fashion,6,9.79,0,0,0.00
1192,23/04/2023,Canada,Tablet,Organic Search,Fashion,8,3.4,1,0,0.00
1193,22/04/2024,USA,Mobile,Organic Search,Fashion,7,3.51,1,0,0.00
1194,16/06/2024,India,Desktop,Organic Search,Home,7,10,1,1,25.70
1195,30/05/2024,Australia,Mobile,Social Media,Home,6,6.3,0,0,0.00
1196,02/04/2024,Germany,Tablet,Email,Books,8,5.49,0,0,0.00
1197,18/12/2024,India,Tablet,Organic Search,Fashion,7,6.26,1,1,130.29
1198,12/12/2023,UK,Desktop,Referral,Beauty,4,8.19,0,0,0.00
1199,25/03/2024,USA,Desktop,Referral,Sports,4,6.04,0,0,0.00
1200,18/10/2024,UK,Desktop,Paid Ads,Home,8,4.93,0,1,32.68
1201,12/04/2023,Australia,Tablet,Organic Search,Home,6,5.21,0,0,0.00
1202,29/08/2023,India,Desktop,Organic Search,Fashion,7,6.17,0,1,47.20
1203,01/05/2024,Canada,Mobile,Paid Ads,Books,8,3,0,0,0.00
1204,23/12/2024,USA,Tablet,Paid Ads,Home,7,5.13,1,0,0.00
1205,14/01/2023,Australia,Desktop,Referral,Electronics,7,5.93,1,0,0.00
1206,26/04/2023,Australia,Mobile,Email,Fashion,9,5.45,0,0,0.00
1207,02/10/2023,Australia,Mobile,Referral,Electronics,9,8.25,0,0,0.00
1208,20/07/2024,USA,Desktop,Referral,Home,4,6.21,0,0,0.00
1209,02/02/2023,Australia,Tablet,Direct,Home,7,5.46,1,0,0.00
1210,08/05/2023,Germany,Desktop,Social Media,Beauty,6,2.82,0,1,103.58
1211,10/07/2023,UK,Mobile,Email,Home,6,6.27,0,0,0.00
1212,29/08/2023,Australia,Tablet,Referral,Beauty,10,1.21,0,1,77.54
1213,11/02/2024,Canada,Mobile,Organic Search,Sports,4,5.87,1,1,45.99
1214,06/12/2024,Australia,Desktop,Referral,Books,6,2,1,1,37.86
1215,18/05/2023,Canada,Tablet,Social Media,Home,7,5.5,0,0,0.00
1216,19/08/2023,Australia,Mobile,Email,Electronics,8,7.8,1,0,0.00
1217,19/01/2024,UK,Desktop,Direct,Home,7,3.98,0,0,0.00
1218,21/08/2024,UK,Desktop,Direct,Books,6,5.86,0,0,0.00
1219,15/01/2023,Australia,Desktop,Paid Ads,Fashion,5,4.1,0,0,0.00
1220,28/11/2024,Canada,Mobile,Organic Search,Sports,6,5.11,1,1,98.75
1221,18/03/2023,Germany,Tablet,Social Media,Books,8,2.29,1,0,0.00
1222,22/07/2023,USA,Tablet,Organic Search,Books,7,3.25,0,0,0.00
1223,16/01/2024,Germany,Desktop,Social Media,Beauty,10,5.14,1,0,0.00
1224,11/06/2023,Germany,Desktop,Direct,Electronics,6,5.08,0,1,97.75
1225,24/10/2024,Canada,Tablet,Referral,Fashion,6,2.67,1,0,0.00
1226,10/08/2024,UK,Tablet,Direct,Fashion,4,8.11,1,0,0.00
1227,22/04/2023,Australia,Tablet,Direct,Beauty,4,7.89,1,0,0.00
1228,23/03/2023,Australia,Desktop,Referral,Home,3,5.41,0,0,0.00
1229,03/11/2023,USA,Tablet,Referral,Fashion,5,5.81,1,1,57.92
1230,01/04/2024,UK,Mobile,Email,Fashion,6,6.39,1,0,0.00
1231,24/09/2024,Australia,Desktop,Direct,Sports,8,3.98,0,0,0.00
1232,03/05/2024,USA,Tablet,Social Media,Books,5,6.17,0,0,0.00
1233,20/08/2024,India,Mobile,Social Media,Fashion,6,8.28,0,0,0.00
1234,12/12/2023,Australia,Desktop,Email,Home,5,7.65,1,0,0.00
1235,30/03/2023,UK,Desktop,Referral,Home,8,8.24,0,0,0.00
1236,21/04/2024,Germany,Mobile,Email,Electronics,7,8.65,0,1,9.94
1237,18/02/2023,Australia,Tablet,Referral,Sports,7,9.74,1,0,0.00
1238,08/10/2024,India,Desktop,Paid Ads,Sports,7,6.58,1,0,0.00
1239,25/06/2023,India,Tablet,Email,Sports,4,7.52,1,0,0.00
1240,10/06/2024,UK,Desktop,Organic Search,Fashion,8,1.49,1,1,61.84
1241,02/09/2023,USA,Mobile,Social Media,Beauty,9,4.79,0,0,0.00
1242,19/10/2023,Canada,Desktop,Paid Ads,Home,6,9.13,1,0,0.00
1243,13/06/2023,Australia,Mobile,Organic Search,Beauty,2,5.84,0,1,119.78
1244,15/05/2024,UK,Tablet,Paid Ads,Home,9,4.55,1,0,0.00
1245,13/04/2024,Australia,Mobile,Organic Search,Beauty,11,5.37,1,0,0.00
1246,30/11/2023,UK,Mobile,Paid Ads,Sports,4,5.92,1,0,0.00
1247,04/08/2024,USA,Desktop,Organic Search,Fashion,2,2.64,1,0,0.00
1248,30/06/2024,Canada,Desktop,Direct,Beauty,8,3.64,1,0,0.00
1249,13/04/2023,Germany,Desktop,Email,Beauty,6,5.61,1,0,0.00
1250,22/11/2023,India,Mobile,Referral,Fashion,6,8.24,0,0,0.00
1251,02/09/2023,Australia,Desktop,Organic Search,Home,7,5.61,0,0,0.00
1252,20/11/2023,Canada,Mobile,Organic Search,Books,9,5.13,0,0,0.00
1253,31/03/2024,India,Tablet,Direct,Fashion,5,5,0,1,141.36
1254,07/02/2024,USA,Tablet,Social Media,Home,5,6.36,1,1,83.48
1255,04/10/2023,USA,Mobile,Email,Sports,5,5.48,1,0,0.00
1256,29/06/2023,Canada,Desktop,Paid Ads,Electronics,6,4.88,1,0,0.00
1257,09/06/2023,India,Desktop,Social Media,Beauty,4,7.23,1,1,58.07
1258,10/04/2024,Australia,Tablet,Referral,Sports,7,2.02,1,1,31.28
1259,24/12/2023,UK,Desktop,Direct,Fashion,4,6.4,1,0,0.00
1260,17/11/2023,UK,Desktop,Social Media,Fashion,4,7.85,0,0,0.00
1261,21/10/2023,USA,Desktop,Organic Search,Fashion,7,9.21,0,0,0.00
1262,18/03/2024,USA,Tablet,Paid Ads,Fashion,7,5.39,0,0,0.00
1263,03/05/2023,Australia,Mobile,Referral,Sports,8,5.9,0,0,0.00
1264,24/11/2024,USA,Mobile,Social Media,Books,9,10.36,1,1,49.49
1265,02/01/2023,Australia,Mobile,Email,Books,7,8.29,1,1,262.22
1266,06/10/2023,UK,Tablet,Referral,Electronics,5,8.11,0,0,0.00
1267,23/05/2024,Canada,Mobile,Direct,Electronics,10,5.84,1,1,53.75
1268,26/09/2023,Australia,Mobile,Organic Search,Books,8,6.24,1,0,0.00
1269,16/04/2023,India,Desktop,Email,Beauty,7,5.59,1,1,138.54
1270,07/04/2024,India,Tablet,Social Media,Beauty,7,4.89,1,1,40.41
1271,18/12/2023,Australia,Mobile,Paid Ads,Books,9,4.75,0,1,23.68
1272,19/06/2023,Australia,Tablet,Organic Search,Home,6,6.47,1,0,0.00
1273,01/03/2024,Germany,Tablet,Organic Search,Books,5,4.75,1,1,34.67
1274,07/07/2023,Canada,Desktop,Referral,Sports,4,8.2,0,0,0.00
1275,18/10/2024,Australia,Mobile,Email,Electronics,5,4.36,0,1,180.84
1276,06/03/2023,Canada,Tablet,Referral,Electronics,8,3.32,0,0,0.00
1277,30/03/2023,UK,Mobile,Organic Search,Beauty,5,4.23,1,1,71.04
1278,25/03/2024,USA,Tablet,Paid Ads,Home,3,6.95,0,0,0.00
1279,28/01/2024,Canada,Mobile,Social Media,Books,4,6.44,0,0,0.00
1280,08/09/2024,Germany,Desktop,Paid Ads,Electronics,6,5.46,0,0,0.00
1281,29/01/2023,Canada,Desktop,Paid Ads,Books,4,5.4,1,0,0.00
1282,26/06/2024,Germany,Desktop,Paid Ads,Electronics,9,5.32,0,0,0.00
1283,18/10/2024,India,Tablet,Organic Search,Electronics,4,4.78,0,0,0.00
1284,06/07/2024,Canada,Tablet,Email,Fashion,6,7.19,0,0,0.00
1285,30/04/2023,India,Tablet,Organic Search,Books,4,7.43,0,0,0.00
1286,29/12/2023,Australia,Mobile,Social Media,Books,5,2.34,0,0,0.00
1287,01/06/2024,USA,Desktop,Social Media,Home,6,7.27,1,1,26.47
1288,24/02/2024,Germany,Mobile,Organic Search,Fashion,6,7.5,1,1,40.68
1289,20/08/2023,India,Desktop,Social Media,Books,5,3.36,0,0,0.00
1290,03/08/2024,UK,Desktop,Direct,Electronics,6,6.72,0,1,21.59
1291,26/06/2024,India,Mobile,Organic Search,Fashion,4,9.63,1,0,0.00
1292,11/11/2024,Australia,Tablet,Paid Ads,Home,7,5.02,0,0,0.00
1293,12/08/2024,UK,Desktop,Referral,Home,4,5.47,1,1,48.45
1294,13/04/2024,Australia,Mobile,Social Media,Home,8,6.4,0,0,0.00
1295,01/04/2023,USA,Mobile,Email,Beauty,4,7.7,1,0,0.00
1296,02/01/2024,Germany,Desktop,Email,Books,2,7.59,0,0,0.00
1297,04/08/2023,Germany,Desktop,Direct,Fashion,7,7.74,0,0,0.00
1298,03/02/2024,India,Mobile,Direct,Books,8,9.69,0,1,175.16
1299,28/03/2023,India,Mobile,Organic Search,Beauty,9,5.87,1,0,0.00
1300,28/12/2024,Canada,Desktop,Referral,Books,7,3.48,0,0,0.00
1301,28/03/2024,Germany,Mobile,Referral,Beauty,8,6.1,0,0,0.00
1302,29/01/2023,UK,Tablet,Organic Search,Books,6,8.87,1,0,0.00
1303,28/10/2023,Australia,Mobile,Email,Beauty,3,8.24,1,0,0.00
1304,11/12/2023,India,Desktop,Email,Electronics,12,3.39,0,1,76.74
1305,14/09/2024,India,Desktop,Direct,Home,7,7.69,1,0,0.00
1306,26/08/2024,India,Tablet,Direct,Sports,6,4.12,1,1,7.57
1307,15/09/2023,Australia,Tablet,Direct,Sports,6,3.23,1,0,0.00
1308,15/01/2024,USA,Tablet,Social Media,Sports,5,5.69,0,0,0.00
1309,02/02/2023,Canada,Tablet,Direct,Sports,8,6.18,1,0,0.00
1310,21/12/2024,India,Desktop,Direct,Books,5,3.96,0,0,0.00
1311,27/04/2024,USA,Desktop,Social Media,Books,8,5.24,0,0,0.00
1312,30/07/2023,Australia,Tablet,Email,Fashion,9,5.28,0,0,0.00
1313,12/02/2023,Canada,Tablet,Organic Search,Electronics,2,6.36,0,0,0.00
1314,23/07/2023,Australia,Mobile,Referral,Beauty,6,4.49,0,0,0.00
1315,26/10/2023,Germany,Mobile,Organic Search,Beauty,9,6.31,0,0,0.00
1316,01/07/2024,UK,Mobile,Social Media,Home,3,6.9,1,0,0.00
1317,12/06/2024,India,Tablet,Paid Ads,Sports,6,4.82,0,0,0.00
1318,20/10/2024,Australia,Desktop,Email,Fashion,3,5.05,0,0,0.00
1319,22/05/2024,India,Desktop,Email,Sports,12,4.7,0,1,24.11
1320,07/05/2024,Germany,Mobile,Email,Beauty,6,6.53,0,0,0.00
1321,03/03/2023,UK,Mobile,Email,Books,9,5.74,1,0,0.00
1322,24/02/2024,Australia,Mobile,Organic Search,Beauty,6,4.39,0,0,0.00
1323,01/02/2024,Germany,Mobile,Referral,Sports,4,5.9,1,0,0.00
1324,14/05/2024,India,Mobile,Referral,Sports,6,3.27,1,1,116.81
1325,16/06/2023,Australia,Desktop,Referral,Sports,3,4.49,0,0,0.00
1326,08/03/2023,USA,Tablet,Direct,Beauty,5,5.8,1,0,0.00
1327,21/07/2023,UK,Desktop,Organic Search,Fashion,7,3.33,1,1,148.67
1328,30/10/2024,Germany,Desktop,Referral,Sports,7,5.06,0,0,0.00
1329,18/01/2024,Canada,Desktop,Direct,Books,8,5.36,1,1,52.97
1330,04/11/2023,UK,Tablet,Email,Electronics,8,4.73,1,0,0.00
1331,03/05/2023,India,Tablet,Paid Ads,Electronics,12,7.59,1,1,117.54
1332,07/03/2023,UK,Desktop,Direct,Home,7,6.09,0,0,0.00
1333,26/01/2024,Canada,Tablet,Social Media,Books,5,6.14,0,1,271.87
1334,22/04/2023,India,Mobile,Paid Ads,Beauty,6,5.08,0,0,0.00
1335,26/08/2023,USA,Tablet,Direct,Books,9,2.77,1,0,0.00
1336,01/04/2024,Germany,Mobile,Social Media,Sports,5,3.29,0,0,0.00
1337,27/02/2024,USA,Mobile,Organic Search,Beauty,4,5.85,1,0,0.00
1338,30/08/2023,USA,Desktop,Paid Ads,Books,9,6.02,1,0,0.00
1339,23/04/2024,UK,Mobile,Email,Electronics,5,3.67,1,0,0.00
1340,07/08/2024,Australia,Tablet,Referral,Electronics,4,7.21,1,0,0.00
1341,17/08/2024,Germany,Desktop,Direct,Sports,8,5.44,0,0,0.00
1342,22/11/2024,Canada,Mobile,Email,Electronics,7,3.5,0,0,0.00
1343,18/09/2023,Canada,Tablet,Organic Search,Sports,7,4.64,0,0,0.00
1344,08/01/2023,Germany,Tablet,Email,Sports,6,7.99,0,0,0.00
1345,26/05/2024,USA,Tablet,Referral,Fashion,8,5.32,0,1,161.36
1346,31/10/2023,Australia,Mobile,Organic Search,Beauty,9,1,0,0,0.00
1347,12/09/2023,Australia,Tablet,Referral,Home,7,6.7,1,0,0.00
1348,09/03/2024,Canada,Desktop,Email,Sports,5,5,1,1,12.29
1349,29/07/2023,Australia,Mobile,Social Media,Beauty,10,8.22,1,1,49.13
1350,19/05/2023,UK,Desktop,Email,Fashion,7,5.04,1,1,145.38
1351,18/03/2024,USA,Desktop,Referral,Books,6,8.58,0,1,89.74
1352,02/06/2024,Australia,Tablet,Social Media,Books,9,7.02,1,1,51.91
1353,17/03/2023,Canada,Desktop,Direct,Books,5,7.57,1,0,0.00
1354,19/12/2024,Canada,Tablet,Paid Ads,Fashion,5,9.31,1,0,0.00
1355,17/03/2024,USA,Tablet,Direct,Home,9,4.49,1,0,0.00
1356,03/03/2024,Australia,Desktop,Direct,Fashion,10,6.24,0,0,0.00
1357,24/03/2023,Australia,Tablet,Paid Ads,Sports,6,3.77,0,0,0.00
1358,06/12/2024,Canada,Tablet,Direct,Home,4,3.69,1,1,140.75
1359,10/02/2024,Australia,Mobile,Social Media,Sports,8,4.51,0,0,0.00
1360,12/08/2023,Germany,Tablet,Referral,Books,6,5.2,0,0,0.00
1361,15/12/2024,Australia,Desktop,Direct,Books,3,6.15,0,0,0.00
1362,29/10/2023,Canada,Desktop,Email,Electronics,7,4.71,0,0,0.00
1363,24/11/2023,Canada,Mobile,Organic Search,Beauty,8,6.92,0,0,0.00
1364,29/04/2023,USA,Mobile,Direct,Electronics,4,9.92,1,1,103.04
1365,06/05/2023,USA,Desktop,Paid Ads,Home,5,5.14,0,0,0.00
1366,22/11/2023,Australia,Desktop,Paid Ads,Electronics,7,2.06,1,0,0.00
1367,29/08/2024,Australia,Desktop,Paid Ads,Sports,5,8.65,0,1,30.50
1368,11/11/2023,India,Desktop,Email,Electronics,10,7.81,0,0,0.00
1369,22/09/2023,Canada,Tablet,Direct,Sports,7,9.1,1,1,39.20
1370,10/05/2024,USA,Tablet,Direct,Sports,3,4.08,0,0,0.00
1371,28/04/2023,Germany,Mobile,Referral,Books,7,6.62,0,0,0.00
1372,14/12/2023,UK,Tablet,Direct,Electronics,9,5.83,1,0,0.00
1373,22/04/2024,Germany,Desktop,Email,Books,10,7.49,1,0,0.00
1374,14/07/2023,UK,Tablet,Organic Search,Electronics,9,7.64,1,0,0.00
1375,05/10/2023,Australia,Desktop,Paid Ads,Sports,4,9.42,1,1,140.35
1376,21/12/2024,Germany,Mobile,Direct,Books,6,4.48,1,1,86.63
1377,18/05/2024,Australia,Tablet,Social Media,Sports,5,3.33,0,0,0.00
1378,15/03/2024,Canada,Tablet,Referral,Fashion,3,6.13,0,0,0.00
1379,24/12/2023,Australia,Mobile,Social Media,Beauty,4,4.49,1,0,0.00
1380,03/02/2023,USA,Tablet,Organic Search,Fashion,4,6.6,1,1,12.51
1381,23/05/2023,USA,Tablet,Referral,Electronics,7,5.36,0,0,0.00
1382,22/05/2024,Germany,Mobile,Email,Home,5,6.1,0,1,101.26
1383,29/10/2024,Canada,Desktop,Paid Ads,Fashion,10,6.93,0,0,0.00
1384,09/03/2023,Canada,Desktop,Organic Search,Home,11,5.51,1,0,0.00
1385,17/08/2023,Germany,Tablet,Paid Ads,Electronics,11,4.32,0,0,0.00
1386,27/03/2023,USA,Desktop,Referral,Electronics,12,8.86,1,0,0.00
1387,23/07/2023,Australia,Tablet,Direct,Home,7,4.88,1,1,119.28
1388,08/03/2024,Germany,Tablet,Referral,Home,4,3.64,1,1,217.96
1389,10/02/2023,India,Tablet,Social Media,Sports,5,6.21,0,0,0.00
1390,11/02/2023,USA,Mobile,Referral,Electronics,6,6.38,1,0,0.00
1391,10/06/2023,Canada,Mobile,Email,Sports,5,7.47,0,0,0.00
1392,29/12/2024,Canada,Desktop,Organic Search,Home,7,5.86,1,0,0.00
1393,01/08/2024,USA,Mobile,Direct,Home,3,7.97,0,0,0.00
1394,16/07/2023,UK,Desktop,Social Media,Fashion,4,3.99,1,1,85.16
1395,09/07/2024,Canada,Tablet,Email,Sports,4,4.8,0,0,0.00
1396,06/05/2023,Australia,Mobile,Organic Search,Books,6,5.55,0,0,0.00
1397,18/01/2023,UK,Desktop,Paid Ads,Books,7,9.82,0,0,0.00
1398,19/08/2023,Canada,Tablet,Paid Ads,Electronics,5,7.33,0,0,0.00
1399,23/04/2023,Australia,Desktop,Email,Electronics,5,7.15,1,1,44.14
1400,17/01/2024,Germany,Desktop,Referral,Books,4,3.58,1,1,38.80
1401,10/06/2023,UK,Mobile,Referral,Home,5,5.25,0,0,0.00
1402,20/05/2024,Canada,Tablet,Email,Beauty,6,6.52,1,0,0.00
1403,12/01/2023,India,Desktop,Direct,Fashion,8,3.75,1,0,0.00
1404,28/04/2023,UK,Tablet,Organic Search,Electronics,5,7.61,0,1,128.87
1405,31/08/2023,USA,Tablet,Referral,Electronics,4,5.37,1,1,21.85
1406,12/08/2023,Australia,Mobile,Paid Ads,Books,5,4.02,1,0,0.00
1407,05/05/2023,Australia,Mobile,Direct,Beauty,4,2.25,1,1,105.42
1408,28/12/2024,India,Mobile,Referral,Books,7,1,1,1,52.30
1409,10/08/2024,Australia,Desktop,Direct,Electronics,7,5.55,0,1,50.20
1410,04/06/2024,Australia,Tablet,Paid Ads,Electronics,2,8.06,1,0,0.00
1411,22/02/2023,Germany,Tablet,Social Media,Electronics,14,5.06,1,1,27.18
1412,05/11/2023,India,Mobile,Organic Search,Fashion,8,5.21,1,1,23.75
1413,13/02/2023,UK,Tablet,Organic Search,Sports,5,10.9,0,1,61.10
1414,05/06/2023,USA,Desktop,Email,Beauty,4,6.35,1,0,0.00
1415,02/03/2024,Germany,Tablet,Email,Beauty,12,6.42,0,1,74.68
1416,26/10/2024,UK,Mobile,Email,Books,7,2.22,0,0,0.00
1417,23/02/2024,India,Tablet,Organic Search,Books,2,4.49,0,1,95.72
1418,05/02/2023,Australia,Tablet,Organic Search,Books,5,8.97,0,0,0.00
1419,12/05/2024,Canada,Mobile,Direct,Electronics,6,5.55,0,1,11.29
1420,15/04/2024,UK,Tablet,Organic Search,Home,4,4.37,0,0,0.00
1421,09/09/2024,Australia,Desktop,Referral,Electronics,9,10.24,0,0,0.00
1422,31/03/2024,UK,Desktop,Email,Beauty,6,8.92,0,1,60.03
1423,25/04/2024,Australia,Mobile,Email,Fashion,7,3.61,0,0,0.00
1424,29/04/2024,Canada,Mobile,Paid Ads,Books,6,7.38,0,0,0.00
1425,22/06/2023,Germany,Tablet,Social Media,Books,4,7.18,0,0,0.00
1426,23/05/2023,USA,Desktop,Direct,Books,7,8.27,1,1,51.85
1427,19/02/2023,Australia,Desktop,Organic Search,Sports,6,3.82,0,0,0.00
1428,12/05/2023,Canada,Mobile,Organic Search,Electronics,8,5.85,0,0,0.00
1429,13/07/2024,India,Tablet,Referral,Beauty,5,6.16,0,1,334.70
1430,27/02/2024,Canada,Tablet,Organic Search,Home,4,5.46,0,0,0.00
1431,05/12/2024,USA,Tablet,Direct,Books,11,6.74,0,1,248.53
1432,20/04/2024,UK,Mobile,Email,Books,8,8.6,0,0,0.00
1433,21/02/2023,Canada,Mobile,Paid Ads,Fashion,5,3.83,0,1,69.39
1434,15/02/2023,USA,Tablet,Social Media,Fashion,8,6.25,0,0,0.00
1435,25/09/2023,India,Mobile,Direct,Sports,3,4.72,1,0,0.00
1436,30/11/2024,India,Tablet,Email,Books,6,1.55,0,1,55.98
1437,23/03/2024,Canada,Mobile,Social Media,Books,7,8.9,0,1,118.31
1438,03/12/2024,India,Desktop,Organic Search,Fashion,4,8.35,0,0,0.00
1439,06/03/2023,Australia,Tablet,Email,Home,7,3.27,1,1,65.50
1440,14/07/2023,UK,Mobile,Direct,Books,7,6.55,0,0,0.00
1441,30/11/2023,USA,Mobile,Social Media,Sports,9,3.59,0,0,0.00
1442,13/02/2023,India,Mobile,Social Media,Beauty,6,4.44,0,1,105.76
1443,21/05/2023,Germany,Desktop,Referral,Books,4,5.26,1,1,259.68
1444,05/09/2024,UK,Tablet,Referral,Fashion,9,7.25,0,0,0.00
1445,15/12/2024,Canada,Tablet,Social Media,Home,6,7.65,0,0,0.00
1446,22/05/2024,Germany,Mobile,Organic Search,Home,7,4.02,1,1,32.14
1447,30/07/2023,USA,Mobile,Direct,Books,3,7.2,0,0,0.00
1448,01/04/2024,Australia,Desktop,Social Media,Home,6,6.96,0,0,0.00
1449,18/11/2024,USA,Tablet,Direct,Home,8,6.77,0,1,249.65
1450,20/04/2023,Germany,Desktop,Email,Home,4,7.48,1,0,0.00
1451,06/07/2024,UK,Desktop,Referral,Electronics,8,7.34,0,0,0.00
1452,04/10/2023,USA,Tablet,Referral,Electronics,4,5.34,0,0,0.00
1453,06/01/2024,UK,Mobile,Referral,Fashion,4,3.19,1,0,0.00
1454,28/12/2024,UK,Tablet,Direct,Electronics,4,4.76,0,1,178.53
1455,22/03/2024,Australia,Mobile,Organic Search,Sports,5,3.53,0,0,0.00
1456,27/11/2024,Australia,Mobile,Referral,Sports,6,5.26,0,0,0.00
1457,21/04/2023,Germany,Tablet,Paid Ads,Electronics,6,5.9,1,0,0.00
1458,01/08/2024,Canada,Desktop,Referral,Sports,10,4.91,1,1,232.41
1459,01/10/2024,Germany,Tablet,Paid Ads,Home,4,4.69,1,1,106.94
1460,30/05/2023,Germany,Mobile,Referral,Books,8,6.47,1,0,0.00
1461,22/03/2023,UK,Mobile,Email,Sports,10,8.45,1,0,0.00
1462,05/05/2024,Canada,Mobile,Email,Home,4,9.07,1,0,0.00
1463,15/05/2024,Canada,Mobile,Direct,Fashion,5,6.63,0,0,0.00
1464,22/02/2024,Canada,Tablet,Paid Ads,Sports,8,6.31,0,1,12.68
1465,01/08/2024,USA,Desktop,Paid Ads,Fashion,10,5.98,1,1,42.43
1466,19/03/2023,Canada,Tablet,Direct,Fashion,5,6.85,0,0,0.00
1467,05/04/2024,Australia,Tablet,Email,Home,3,6.08,0,0,0.00
1468,18/04/2023,India,Mobile,Email,Fashion,6,6.46,1,0,0.00
1469,12/12/2023,India,Desktop,Social Media,Fashion,8,3.98,0,0,0.00
1470,26/04/2024,India,Tablet,Paid Ads,Sports,4,4,0,1,13.57
1471,29/08/2024,UK,Desktop,Email,Beauty,3,7.26,0,0,0.00
1472,06/11/2024,India,Mobile,Direct,Home,4,3.29,0,1,107.79
1473,14/05/2024,India,Tablet,Referral,Books,4,4.11,1,1,60.00
1474,21/11/2024,UK,Tablet,Social Media,Sports,3,5.19,0,0,0.00
1475,12/01/2023,Canada,Tablet,Paid Ads,Beauty,4,7.71,1,0,0.00
1476,16/03/2024,Australia,Desktop,Social Media,Sports,6,6.64,0,0,0.00
1477,24/07/2023,Australia,Mobile,Referral,Home,6,2.68,1,1,360.69
1478,30/12/2024,Germany,Mobile,Referral,Beauty,5,3.59,1,0,0.00
1479,02/08/2023,UK,Desktop,Email,Beauty,2,6.04,1,1,113.65
1480,26/04/2023,Canada,Mobile,Referral,Fashion,5,2.44,0,0,0.00
1481,02/02/2024,Germany,Mobile,Paid Ads,Electronics,6,7.23,1,1,83.10
1482,19/11/2023,Canada,Tablet,Social Media,Fashion,1,6.92,0,0,0.00
1483,31/01/2023,USA,Mobile,Paid Ads,Home,3,1.33,0,0,0.00
1484,28/11/2024,Canada,Tablet,Organic Search,Books,6,6.86,0,1,56.06
1485,07/10/2024,USA,Desktop,Social Media,Books,8,4.22,1,0,0.00
1486,20/04/2024,India,Desktop,Direct,Beauty,6,6.41,0,1,23.16
1487,16/10/2024,Germany,Mobile,Referral,Fashion,11,5.89,0,0,0.00
1488,07/07/2024,Australia,Desktop,Organic Search,Fashion,8,5.61,0,0,0.00
1489,12/10/2024,India,Mobile,Referral,Sports,4,2.83,0,1,86.82
1490,11/04/2023,USA,Mobile,Direct,Sports,9,4.92,0,0,0.00
1491,24/05/2023,India,Tablet,Paid Ads,Electronics,5,9.56,1,0,0.00
1492,01/01/2024,USA,Desktop,Paid Ads,Sports,3,3.23,0,1,43.11
1493,14/11/2023,Germany,Tablet,Referral,Books,7,6.26,0,1,3.95
1494,31/03/2023,India,Tablet,Direct,Books,6,1,1,1,30.48
1495,12/09/2024,UK,Mobile,Paid Ads,Beauty,4,7.03,0,0,0.00
1496,02/07/2024,Canada,Desktop,Email,Fashion,5,6.08,0,0,0.00
1497,09/03/2023,USA,Desktop,Referral,Fashion,9,6.29,1,1,46.91
1498,06/01/2023,Canada,Mobile,Referral,Books,7,6.61,1,0,0.00
1499,26/04/2024,Canada,Desktop,Paid Ads,Books,7,6.46,1,1,54.87
1500,28/09/2024,Australia,Desktop,Email,Sports,5,6.23,1,0,0.00
1501,04/02/2023,Canada,Mobile,Paid Ads,Beauty,6,8.28,0,1,87.63
1502,28/07/2023,Germany,Mobile,Organic Search,Electronics,5,6.63,0,1,13.28
1503,20/07/2023,USA,Tablet,Referral,Books,7,8.1,0,0,0.00
1504,26/12/2023,Germany,Mobile,Referral,Electronics,7,9.05,0,1,38.74
1505,05/07/2024,USA,Desktop,Referral,Sports,8,8.04,0,1,7.56
1506,08/11/2023,India,Tablet,Referral,Electronics,6,6.27,1,1,132.87
1507,03/08/2024,India,Desktop,Direct,Fashion,11,7.6,1,0,0.00
1508,10/08/2023,Canada,Tablet,Organic Search,Books,7,3.58,0,0,0.00
1509,03/08/2023,Australia,Desktop,Referral,Beauty,7,5.36,1,1,66.52
1510,20/11/2023,UK,Mobile,Direct,Sports,5,6.65,0,0,0.00
1511,09/05/2023,Germany,Mobile,Email,Beauty,7,6.31,0,0,0.00
1512,19/12/2024,UK,Tablet,Direct,Books,6,3.95,0,1,75.86
1513,28/11/2023,Canada,Mobile,Email,Fashion,5,5.18,0,1,134.05
1514,15/02/2023,UK,Desktop,Paid Ads,Electronics,6,3.82,1,0,0.00
1515,18/02/2024,UK,Tablet,Referral,Beauty,4,2.96,0,0,0.00
1516,14/11/2024,UK,Mobile,Organic Search,Books,5,3.65,0,0,0.00
1517,26/06/2024,Australia,Mobile,Referral,Sports,6,8.61,1,0,0.00
1518,20/08/2024,India,Tablet,Organic Search,Beauty,3,7.5,0,0,0.00
1519,17/06/2024,Australia,Mobile,Direct,Home,11,5.2,0,1,31.38
1520,31/01/2023,Germany,Desktop,Organic Search,Fashion,5,4.37,0,1,58.40
1521,07/05/2024,Germany,Tablet,Referral,Home,8,8.47,1,0,0.00
1522,03/02/2024,UK,Tablet,Email,Sports,7,4.37,1,0,0.00
1523,26/12/2023,UK,Tablet,Social Media,Books,4,7.63,0,0,0.00
1524,31/10/2023,Germany,Mobile,Email,Sports,5,5.07,0,0,0.00
1525,06/07/2023,Canada,Desktop,Paid Ads,Home,6,6.91,0,1,67.52
1526,06/10/2023,Canada,Tablet,Email,Home,2,3.61,0,0,0.00
1527,12/06/2024,UK,Tablet,Social Media,Books,7,5.63,0,1,168.41
1528,30/01/2024,Germany,Tablet,Paid Ads,Books,5,5.64,1,0,0.00
1529,06/03/2024,India,Tablet,Paid Ads,Beauty,5,10.69,0,0,0.00
1530,24/07/2024,Australia,Mobile,Organic Search,Fashion,8,5.39,1,1,23.18
1531,17/08/2024,Canada,Desktop,Social Media,Sports,5,8.39,0,0,0.00
1532,28/08/2023,Canada,Tablet,Direct,Books,6,6.18,0,0,0.00
1533,22/05/2024,India,Mobile,Email,Books,2,7.56,0,1,119.61
1534,02/05/2024,India,Mobile,Paid Ads,Beauty,6,4.92,0,1,46.65
1535,26/09/2024,Canada,Desktop,Organic Search,Electronics,3,7.03,0,0,0.00
1536,27/01/2023,UK,Mobile,Social Media,Electronics,3,3.29,0,1,33.21
1537,24/02/2024,Canada,Mobile,Direct,Beauty,5,9.89,0,0,0.00
1538,30/05/2023,Germany,Tablet,Direct,Sports,8,2.87,0,0,0.00
1539,04/05/2023,UK,Tablet,Referral,Electronics,7,6.3,0,0,0.00
1540,05/03/2024,USA,Tablet,Email,Beauty,6,5.5,0,0,0.00
1541,23/02/2023,India,Mobile,Direct,Sports,6,10.95,1,0,0.00
1542,03/12/2023,UK,Mobile,Organic Search,Sports,5,6.11,1,1,342.13
1543,12/02/2023,Canada,Tablet,Direct,Fashion,2,4.8,1,1,91.48
1544,03/02/2023,Canada,Mobile,Direct,Electronics,10,2.91,0,0,0.00
1545,21/02/2024,UK,Mobile,Direct,Electronics,6,8.3,1,1,173.24
1546,28/12/2023,USA,Mobile,Social Media,Beauty,4,3.53,0,1,26.77
1547,10/04/2023,UK,Tablet,Email,Beauty,4,3.96,1,1,46.75
1548,13/07/2024,Canada,Mobile,Referral,Electronics,8,10.88,1,0,0.00
1549,24/10/2024,Australia,Tablet,Organic Search,Electronics,6,6.33,1,0,0.00
1550,19/04/2023,Canada,Desktop,Direct,Sports,12,8.92,0,1,76.92
1551,17/07/2023,Canada,Desktop,Social Media,Home,8,5.5,0,0,0.00
1552,20/08/2023,USA,Tablet,Paid Ads,Beauty,9,7.32,0,1,29.43
1553,08/09/2023,Germany,Tablet,Organic Search,Home,7,1,1,0,0.00
1554,10/10/2024,USA,Desktop,Referral,Electronics,6,3.77,0,0,0.00
1555,01/05/2024,Canada,Mobile,Referral,Home,3,6.19,1,1,126.16
1556,12/11/2023,UK,Mobile,Referral,Home,8,6.23,1,0,0.00
1557,23/02/2023,Canada,Tablet,Social Media,Books,4,9.25,0,0,0.00
1558,06/05/2023,Germany,Desktop,Referral,Beauty,4,5.47,1,1,95.41
1559,06/07/2024,USA,Desktop,Email,Books,4,6.58,1,1,84.19
1560,16/01/2023,Germany,Tablet,Organic Search,Beauty,7,5.43,1,0,0.00
1561,25/05/2023,India,Desktop,Organic Search,Beauty,6,8.41,0,0,0.00
1562,13/12/2023,Australia,Mobile,Direct,Books,4,6.95,1,0,0.00
1563,01/10/2024,USA,Desktop,Email,Home,9,2.72,0,0,0.00
1564,18/04/2024,Canada,Tablet,Organic Search,Books,5,7.06,1,0,0.00
1565,01/11/2023,UK,Mobile,Social Media,Electronics,6,7.71,1,0,0.00
1566,28/10/2023,Germany,Tablet,Direct,Home,4,6.26,1,0,0.00
1567,18/12/2023,India,Tablet,Paid Ads,Beauty,2,6.72,1,1,94.85
1568,21/08/2024,UK,Desktop,Paid Ads,Sports,7,3.57,1,1,30.12
1569,01/09/2024,UK,Mobile,Direct,Books,6,5.01,1,0,0.00
1570,06/10/2023,USA,Desktop,Direct,Fashion,6,6.72,0,0,0.00
1571,07/04/2024,USA,Tablet,Paid Ads,Home,5,5.76,0,0,0.00
1572,23/05/2023,USA,Mobile,Paid Ads,Fashion,9,7.25,1,0,0.00
1573,07/08/2023,Canada,Desktop,Paid Ads,Electronics,7,7.92,0,0,0.00
1574,18/07/2024,India,Mobile,Direct,Books,2,7.17,1,0,0.00
1575,24/04/2023,Germany,Tablet,Organic Search,Sports,2,5.35,1,1,61.00
1576,26/10/2023,India,Desktop,Social Media,Sports,13,6.63,0,1,39.36
1577,14/04/2024,UK,Desktop,Referral,Home,5,5.45,1,1,22.44
1578,08/10/2024,Germany,Mobile,Referral,Home,6,6.82,0,1,82.87
1579,29/11/2024,Germany,Mobile,Referral,Fashion,5,11.23,0,0,0.00
1580,24/10/2023,India,Tablet,Email,Beauty,7,6.05,0,0,0.00
1581,09/07/2023,Canada,Mobile,Referral,Home,7,6.46,1,0,0.00
1582,06/12/2023,Germany,Tablet,Paid Ads,Beauty,6,2.24,0,0,0.00
1583,25/10/2023,India,Tablet,Referral,Beauty,7,6.76,1,0,0.00
1584,20/10/2024,UK,Tablet,Organic Search,Electronics,8,6.56,1,0,0.00
1585,27/02/2024,Australia,Mobile,Email,Sports,12,6.53,0,0,0.00
1586,30/06/2024,India,Desktop,Social Media,Sports,5,7.36,0,0,0.00
1587,21/10/2024,UK,Mobile,Referral,Home,10,7.92,1,1,72.23
1588,02/12/2023,USA,Desktop,Email,Sports,4,7,0,1,10.71
1589,05/07/2024,UK,Desktop,Paid Ads,Beauty,9,7.3,1,1,67.25
1590,11/04/2023,Germany,Mobile,Email,Books,4,6.06,0,0,0.00
1591,29/11/2023,UK,Desktop,Email,Home,8,4.07,0,0,0.00
1592,16/04/2024,Germany,Mobile,Referral,Fashion,2,4.77,0,0,0.00
1593,04/03/2023,Canada,Tablet,Paid Ads,Electronics,4,6.64,1,0,0.00
1594,20/04/2024,Australia,Desktop,Paid Ads,Sports,8,8.8,0,0,0.00
1595,20/02/2023,Germany,Desktop,Paid Ads,Fashion,2,5.68,0,0,0.00
1596,13/02/2023,Australia,Mobile,Email,Electronics,9,8.11,1,1,125.47
1597,13/05/2024,USA,Desktop,Email,Fashion,5,7.59,0,0,0.00
1598,25/06/2024,Australia,Tablet,Referral,Books,7,4.19,0,0,0.00
1599,12/08/2023,UK,Desktop,Social Media,Home,7,5.78,1,0,0.00
1600,24/10/2024,Canada,Tablet,Organic Search,Beauty,6,8.28,1,0,0.00
1601,29/10/2023,India,Tablet,Paid Ads,Electronics,7,6.58,0,0,0.00
1602,18/08/2024,USA,Desktop,Email,Books,8,6.32,1,1,132.35
1603,28/07/2023,India,Desktop,Direct,Home,6,5.56,1,0,0.00
1604,07/02/2023,UK,Desktop,Social Media,Sports,9,5.8,1,0,0.00
1605,11/10/2024,Canada,Desktop,Social Media,Electronics,3,6.99,1,1,87.34
1606,24/04/2023,Germany,Mobile,Social Media,Books,5,7.78,0,0,0.00
1607,30/09/2024,Canada,Mobile,Referral,Sports,8,4.31,1,0,0.00
1608,10/01/2023,Australia,Tablet,Referral,Fashion,6,4.14,1,1,34.92
1609,08/01/2024,UK,Desktop,Social Media,Books,4,4.61,1,0,0.00
1610,02/02/2024,Canada,Desktop,Direct,Beauty,7,3.33,1,0,0.00
1611,11/02/2023,India,Desktop,Referral,Home,5,4.15,1,0,0.00
1612,08/12/2024,Germany,Tablet,Paid Ads,Fashion,9,8.45,0,1,109.63
1613,23/08/2024,Australia,Desktop,Email,Books,4,8.23,0,0,0.00
1614,18/06/2023,Canada,Tablet,Email,Electronics,6,6.77,0,0,0.00
1615,21/01/2024,India,Mobile,Social Media,Fashion,4,7.24,1,1,2.82
1616,06/05/2023,UK,Desktop,Direct,Home,10,5.01,0,0,0.00
1617,01/12/2024,Australia,Desktop,Referral,Books,8,6.06,0,0,0.00
1618,07/03/2024,Germany,Desktop,Email,Home,4,10.48,1,0,0.00
1619,20/03/2024,Australia,Tablet,Referral,Beauty,5,4.73,1,0,0.00
1620,29/05/2024,Germany,Mobile,Paid Ads,Electronics,7,4,1,1,72.57
1621,22/12/2024,USA,Tablet,Paid Ads,Books,10,2.53,0,0,0.00
1622,04/11/2024,UK,Tablet,Direct,Books,3,9.95,1,1,97.72
1623,01/11/2023,India,Mobile,Paid Ads,Beauty,4,8.5,1,0,0.00
1624,30/01/2024,India,Mobile,Organic Search,Beauty,10,3.88,1,1,83.42
1625,30/08/2024,Canada,Mobile,Organic Search,Beauty,5,1.53,0,0,0.00
1626,05/08/2024,Canada,Mobile,Organic Search,Home,5,6.32,0,0,0.00
1627,05/01/2023,Canada,Mobile,Organic Search,Books,5,8.54,1,1,74.01
1628,21/07/2023,Germany,Desktop,Paid Ads,Fashion,3,4.88,0,0,0.00
1629,19/07/2023,Australia,Desktop,Email,Books,11,5.98,1,1,145.87
1630,02/08/2024,USA,Mobile,Referral,Fashion,6,5.22,0,0,0.00
1631,27/12/2024,India,Mobile,Direct,Home,7,6.01,1,1,34.98
1632,19/01/2024,UK,Desktop,Email,Sports,8,4.59,0,0,0.00
1633,21/04/2024,UK,Tablet,Email,Fashion,6,5.91,1,0,0.00
1634,19/04/2024,Australia,Tablet,Paid Ads,Sports,4,3.39,0,1,39.36
1635,18/08/2023,Canada,Desktop,Direct,Books,5,7.75,0,1,43.14
1636,19/12/2024,Australia,Tablet,Email,Sports,11,8.02,0,0,0.00
1637,16/09/2023,Australia,Tablet,Referral,Home,7,6.49,1,1,35.18
1638,29/01/2023,UK,Desktop,Referral,Fashion,10,7.87,0,1,28.75
1639,13/04/2024,India,Desktop,Social Media,Home,6,5.14,0,0,0.00
1640,08/03/2023,Germany,Desktop,Paid Ads,Home,5,5.39,0,0,0.00
1641,02/04/2023,India,Mobile,Referral,Fashion,5,8.79,0,1,11.98
1642,11/01/2024,UK,Desktop,Email,Sports,5,3.88,1,1,47.40
1643,29/10/2024,India,Tablet,Email,Beauty,8,5.73,0,0,0.00
1644,28/04/2024,UK,Mobile,Email,Home,6,8.45,1,1,48.76
1645,30/10/2023,Canada,Mobile,Organic Search,Sports,6,10.1,0,1,87.36
1646,11/03/2024,UK,Mobile,Email,Sports,4,7.06,0,0,0.00
1647,02/08/2023,Germany,Desktop,Paid Ads,Fashion,3,5.41,1,1,86.54
1648,02/01/2023,Australia,Tablet,Direct,Beauty,5,2.75,1,0,0.00
1649,03/03/2023,Germany,Mobile,Social Media,Electronics,7,10.06,1,0,0.00
1650,26/09/2023,Germany,Tablet,Paid Ads,Sports,8,4.66,0,1,45.40
1651,26/02/2024,Canada,Tablet,Direct,Home,4,5.91,0,0,0.00
1652,21/01/2024,UK,Tablet,Direct,Sports,3,6.26,1,1,42.46
1653,20/05/2024,UK,Desktop,Paid Ads,Electronics,7,7.36,0,0,0.00
1654,16/12/2024,USA,Mobile,Social Media,Electronics,3,6.15,0,0,0.00
1655,05/01/2023,Australia,Desktop,Referral,Beauty,5,5.22,0,1,64.85
1656,10/09/2024,UK,Tablet,Referral,Beauty,6,3.16,0,1,108.20
1657,25/05/2024,USA,Desktop,Organic Search,Fashion,5,7.6,0,0,0.00
1658,03/05/2023,India,Tablet,Organic Search,Fashion,5,5.53,1,0,0.00
1659,29/06/2023,India,Desktop,Social Media,Fashion,5,7.15,0,1,50.24
1660,21/12/2023,Australia,Desktop,Direct,Electronics,4,8.12,1,0,0.00
1661,27/10/2024,USA,Mobile,Paid Ads,Electronics,3,5.37,1,1,133.73
1662,18/10/2024,Germany,Mobile,Social Media,Beauty,6,7.79,1,0,0.00
1663,28/05/2024,UK,Desktop,Social Media,Beauty,9,4.24,0,0,0.00
1664,04/01/2023,Australia,Mobile,Social Media,Electronics,6,4.57,1,0,0.00
1665,06/09/2024,USA,Mobile,Social Media,Beauty,6,4.23,0,0,0.00
1666,26/10/2024,India,Tablet,Email,Fashion,5,6.76,1,0,0.00
1667,14/12/2024,USA,Desktop,Email,Electronics,8,6.02,1,0,0.00
1668,19/06/2023,India,Tablet,Paid Ads,Beauty,9,5.8,1,1,51.33
1669,28/10/2024,Germany,Mobile,Direct,Electronics,12,7.48,1,1,216.88
1670,23/07/2024,USA,Desktop,Direct,Electronics,7,5.35,0,1,36.03
1671,30/09/2024,Canada,Tablet,Paid Ads,Beauty,4,11.32,1,0,0.00
1672,08/12/2024,Germany,Tablet,Social Media,Home,14,6.67,0,0,0.00
1673,16/09/2024,USA,Tablet,Direct,Electronics,8,8.17,0,0,0.00
1674,20/12/2024,Australia,Tablet,Referral,Electronics,9,3.14,1,1,64.83
1675,26/05/2023,UK,Desktop,Direct,Home,5,4.27,0,0,0.00
1676,01/10/2023,USA,Desktop,Organic Search,Books,7,6.03,1,0,0.00
1677,09/12/2023,USA,Mobile,Paid Ads,Books,8,6.27,0,1,52.82
1678,06/12/2024,Germany,Desktop,Organic Search,Fashion,6,6.81,1,0,0.00
1679,20/10/2024,UK,Tablet,Organic Search,Beauty,4,6.73,0,1,109.02
1680,16/06/2023,USA,Mobile,Organic Search,Sports,8,5.54,0,0,0.00
1681,01/10/2023,Australia,Desktop,Direct,Sports,6,6.85,0,0,0.00
1682,04/07/2024,USA,Desktop,Organic Search,Fashion,6,3.97,0,1,226.54
1683,27/03/2024,USA,Desktop,Organic Search,Books,6,4.97,0,0,0.00
1684,22/12/2024,Canada,Desktop,Direct,Electronics,5,3.68,0,0,0.00
1685,29/08/2023,India,Desktop,Direct,Fashion,5,3.85,0,0,0.00
1686,29/07/2024,Australia,Tablet,Organic Search,Fashion,5,8.85,0,0,0.00
1687,31/01/2024,Germany,Mobile,Social Media,Sports,5,5.43,1,0,0.00
1688,07/11/2023,Australia,Desktop,Email,Books,3,4.9,1,1,42.48
1689,27/10/2024,USA,Mobile,Direct,Beauty,6,7.59,1,1,104.42
1690,07/07/2024,UK,Tablet,Paid Ads,Home,8,8.27,0,0,0.00
1691,10/01/2023,India,Desktop,Direct,Beauty,6,5.66,1,0,0.00
1692,13/09/2023,Canada,Desktop,Referral,Books,6,6.3,1,1,74.05
1693,19/04/2023,Germany,Mobile,Referral,Fashion,6,8.72,0,0,0.00
1694,02/11/2023,Canada,Desktop,Social Media,Books,6,5.05,1,1,39.63
1695,11/05/2024,Germany,Desktop,Referral,Sports,5,3.59,0,1,173.01
1696,17/01/2023,USA,Mobile,Referral,Fashion,9,8.35,1,1,67.55
1697,21/12/2023,Germany,Desktop,Social Media,Sports,3,5,1,1,52.77
1698,09/02/2023,UK,Desktop,Organic Search,Books,5,4.58,1,0,0.00
1699,25/09/2024,Canada,Desktop,Direct,Fashion,3,4.12,0,0,0.00
1700,14/09/2024,India,Tablet,Social Media,Sports,5,6.7,1,0,0.00
1701,22/02/2023,USA,Desktop,Direct,Electronics,2,4.53,0,0,0.00
1702,02/09/2023,Australia,Tablet,Email,Fashion,4,7.81,0,0,0.00
1703,01/09/2023,Canada,Tablet,Email,Sports,3,6.52,1,0,0.00
1704,09/04/2023,USA,Tablet,Social Media,Home,5,6.08,0,1,181.19
1705,05/01/2023,Germany,Tablet,Social Media,Electronics,8,5.35,0,0,0.00
1706,06/08/2023,India,Tablet,Direct,Electronics,5,7.27,0,0,0.00
1707,22/07/2024,India,Mobile,Paid Ads,Electronics,7,12.22,1,0,0.00
1708,23/01/2023,USA,Mobile,Email,Fashion,4,9.87,0,1,109.50
1709,18/06/2024,India,Mobile,Referral,Books,9,4.58,1,1,47.33
1710,28/01/2024,Germany,Tablet,Email,Sports,8,6.49,0,0,0.00
1711,14/02/2023,Canada,Tablet,Referral,Home,10,9.27,0,0,0.00
1712,12/03/2023,India,Desktop,Paid Ads,Sports,8,8.31,0,1,46.44
1713,11/10/2023,Australia,Mobile,Organic Search,Fashion,11,8.27,0,1,52.87
1714,13/03/2024,Australia,Desktop,Organic Search,Beauty,9,3.86,1,0,0.00
1715,11/03/2023,Australia,Mobile,Social Media,Sports,2,4.8,1,0,0.00
1716,23/10/2024,Australia,Desktop,Social Media,Books,9,4.55,0,0,0.00
1717,01/04/2023,India,Tablet,Social Media,Sports,9,6.03,1,1,10.20
1718,13/06/2024,India,Tablet,Organic Search,Home,6,7.88,1,0,0.00
1719,02/09/2024,India,Mobile,Referral,Electronics,6,8.44,0,1,29.37
1720,01/01/2024,India,Tablet,Paid Ads,Sports,9,3.54,1,0,0.00
1721,13/09/2023,Germany,Mobile,Paid Ads,Sports,6,5.62,0,0,0.00
1722,10/08/2024,Australia,Mobile,Referral,Books,7,6.16,1,1,92.43
1723,31/03/2023,USA,Tablet,Direct,Sports,4,2.4,0,0,0.00
1724,26/05/2023,Germany,Tablet,Organic Search,Books,6,3.57,1,1,32.20
1725,27/07/2024,Canada,Desktop,Direct,Beauty,3,6.29,1,0,0.00
1726,10/05/2023,Australia,Tablet,Email,Electronics,10,3.61,1,0,0.00
1727,14/05/2023,USA,Mobile,Referral,Beauty,8,7.88,1,0,0.00
1728,14/05/2024,Canada,Desktop,Direct,Fashion,5,4.24,1,0,0.00
1729,12/06/2024,Canada,Tablet,Email,Home,5,2.86,1,1,23.24
1730,07/04/2023,UK,Tablet,Social Media,Home,2,6.84,1,0,0.00
1731,29/04/2023,Germany,Tablet,Email,Books,2,5.75,1,1,60.29
1732,09/07/2023,UK,Tablet,Paid Ads,Sports,10,5.63,0,1,25.30
1733,07/10/2023,Canada,Mobile,Email,Sports,4,5.12,1,0,0.00
1734,17/11/2024,Australia,Desktop,Social Media,Beauty,5,3.74,1,0,0.00
1735,23/11/2024,Germany,Desktop,Organic Search,Books,3,4.2,1,1,140.46
1736,25/12/2023,India,Desktop,Referral,Electronics,3,5.71,0,0,0.00
1737,08/05/2023,Canada,Mobile,Social Media,Electronics,6,4.27,0,0,0.00
1738,13/06/2024,UK,Mobile,Paid Ads,Home,11,6.18,0,1,91.86
1739,02/08/2024,India,Tablet,Social Media,Sports,5,6.23,1,0,0.00
1740,20/01/2024,Canada,Tablet,Referral,Sports,12,6.22,1,0,0.00
1741,07/03/2024,USA,Mobile,Organic Search,Beauty,14,8.06,0,0,0.00
1742,24/03/2024,UK,Mobile,Paid Ads,Home,4,6.11,0,0,0.00
1743,06/12/2024,UK,Tablet,Paid Ads,Fashion,4,7.3,1,0,0.00
1744,30/07/2023,UK,Desktop,Organic Search,Sports,6,6.73,1,1,24.29
1745,20/09/2023,Germany,Tablet,Paid Ads,Books,9,5.28,0,0,0.00
1746,02/10/2024,India,Tablet,Social Media,Beauty,10,2.21,0,1,102.08
1747,09/11/2024,USA,Desktop,Direct,Books,11,4.93,0,1,158.60
1748,08/03/2023,Canada,Mobile,Referral,Books,10,4.42,0,1,57.49
1749,01/02/2023,UK,Mobile,Direct,Sports,7,4.31,1,1,91.94
1750,24/08/2024,Germany,Mobile,Organic Search,Home,6,5.47,0,0,0.00
1751,28/10/2023,UK,Desktop,Email,Electronics,5,6.47,0,0,0.00
1752,16/05/2023,USA,Tablet,Direct,Sports,7,4.77,0,0,0.00
1753,21/04/2023,India,Tablet,Direct,Beauty,3,5.71,1,0,0.00
1754,29/01/2023,India,Desktop,Referral,Electronics,9,5.93,1,0,0.00
1755,20/02/2024,UK,Tablet,Referral,Fashion,4,6.88,1,0,0.00
1756,06/12/2024,UK,Tablet,Direct,Fashion,2,3.79,0,0,0.00
1757,19/10/2024,USA,Mobile,Direct,Books,5,12.49,0,1,194.46
1758,21/03/2023,Germany,Desktop,Referral,Sports,8,4.01,0,0,0.00
1759,24/02/2023,Canada,Mobile,Paid Ads,Beauty,6,8.44,1,0,0.00
1760,16/08/2024,UK,Desktop,Paid Ads,Fashion,5,6.54,0,0,0.00
1761,08/08/2023,UK,Mobile,Email,Sports,3,4.61,0,0,0.00
1762,21/03/2023,Australia,Mobile,Referral,Beauty,7,9.17,0,1,68.65
1763,14/05/2024,UK,Mobile,Email,Sports,5,5.23,0,0,0.00
1764,11/09/2024,Germany,Tablet,Paid Ads,Fashion,6,6.64,1,0,0.00
1765,16/03/2023,Germany,Tablet,Paid Ads,Beauty,5,8.4,0,0,0.00
1766,31/03/2023,Germany,Tablet,Referral,Fashion,5,5.33,0,0,0.00
1767,28/07/2023,Canada,Tablet,Direct,Sports,7,6.87,0,1,79.76
1768,31/01/2024,USA,Mobile,Organic Search,Home,7,3.92,0,0,0.00
1769,03/02/2024,Germany,Desktop,Direct,Sports,9,6.33,1,0,0.00
1770,10/04/2024,India,Mobile,Direct,Beauty,4,4.51,0,1,48.35
1771,01/11/2023,Germany,Desktop,Social Media,Fashion,7,4.67,1,0,0.00
1772,17/04/2023,UK,Desktop,Referral,Books,7,6.07,1,0,0.00
1773,20/10/2024,India,Desktop,Paid Ads,Home,8,3.46,0,0,0.00
1774,15/07/2023,Canada,Desktop,Referral,Fashion,5,6.32,0,0,0.00
1775,23/12/2024,Germany,Mobile,Paid Ads,Fashion,4,3.81,1,0,0.00
1776,15/04/2023,Australia,Desktop,Paid Ads,Books,7,6.04,0,0,0.00
1777,23/07/2023,India,Mobile,Direct,Electronics,6,11.43,0,1,104.93
1778,24/08/2023,USA,Tablet,Paid Ads,Home,7,4.93,1,0,0.00
1779,21/02/2024,India,Desktop,Direct,Electronics,5,9.39,0,1,114.22
1780,10/09/2024,UK,Desktop,Email,Electronics,7,8.47,0,0,0.00
1781,30/11/2024,UK,Mobile,Direct,Sports,11,5.98,1,0,0.00
1782,06/04/2024,USA,Mobile,Referral,Sports,8,3.6,1,1,76.37
1783,13/12/2023,UK,Tablet,Email,Sports,5,8.57,0,1,25.96
1784,17/10/2023,Australia,Mobile,Direct,Books,6,6.37,0,0,0.00
1785,02/12/2024,Australia,Mobile,Email,Sports,11,3.74,1,1,100.26
1786,13/12/2023,Australia,Tablet,Organic Search,Home,7,5.68,1,1,50.53
1787,30/04/2023,USA,Mobile,Social Media,Fashion,5,8.43,1,0,0.00
1788,30/08/2023,Australia,Tablet,Social Media,Electronics,7,4.15,1,0,0.00
1789,29/02/2024,Germany,Tablet,Organic Search,Electronics,10,6.49,0,0,0.00
1790,27/02/2023,Germany,Tablet,Social Media,Books,6,4.65,0,0,0.00
1791,12/08/2023,Australia,Desktop,Organic Search,Electronics,2,5.98,0,0,0.00
1792,22/02/2023,UK,Tablet,Email,Fashion,11,7.16,0,0,0.00
1793,10/06/2023,Germany,Tablet,Direct,Electronics,5,5.07,0,0,0.00
1794,18/07/2023,UK,Desktop,Referral,Sports,7,4.88,0,0,0.00
1795,21/08/2024,India,Mobile,Paid Ads,Sports,2,5.28,0,0,0.00
1796,28/06/2023,Germany,Tablet,Direct,Electronics,10,5.56,0,0,0.00
1797,17/08/2023,India,Mobile,Referral,Home,10,6.58,0,1,23.70
1798,23/03/2023,UK,Desktop,Email,Books,9,5.53,1,0,0.00
1799,02/05/2023,USA,Mobile,Social Media,Books,6,3.57,0,0,0.00
1800,04/11/2024,UK,Desktop,Direct,Home,4,7.34,1,1,23.70
1801,14/11/2024,USA,Tablet,Social Media,Electronics,3,9.21,1,1,72.66
1802,14/05/2024,Australia,Desktop,Email,Electronics,5,4.33,0,1,129.86
1803,17/08/2024,Canada,Desktop,Paid Ads,Fashion,7,5.81,1,0,0.00
1804,26/09/2023,UK,Desktop,Direct,Fashion,10,6.04,0,0,0.00
1805,10/01/2024,India,Tablet,Email,Sports,8,4.46,0,0,0.00
1806,10/12/2023,Australia,Tablet,Direct,Books,2,6.23,0,1,25.88
1807,03/07/2024,USA,Desktop,Paid Ads,Sports,6,4.86,0,0,0.00
1808,20/04/2023,USA,Desktop,Social Media,Sports,7,7.61,1,0,0.00
1809,01/12/2023,UK,Desktop,Referral,Fashion,3,3.68,0,0,0.00
1810,10/12/2023,USA,Tablet,Paid Ads,Sports,6,8.8,0,0,0.00
1811,28/01/2023,Canada,Tablet,Paid Ads,Fashion,6,5.6,0,1,78.37
1812,02/02/2023,UK,Tablet,Direct,Sports,6,7.79,0,1,75.39
1813,30/01/2024,USA,Desktop,Paid Ads,Books,7,6.93,0,0,0.00
1814,25/02/2024,Canada,Mobile,Social Media,Electronics,6,5.94,0,0,0.00
1815,28/04/2023,Canada,Tablet,Direct,Electronics,4,5.79,0,0,0.00
1816,01/01/2023,USA,Desktop,Paid Ads,Books,6,5.5,1,0,0.00
1817,16/01/2024,India,Desktop,Email,Beauty,7,3.52,0,0,0.00
1818,08/12/2023,UK,Desktop,Direct,Books,7,7.71,1,0,0.00
1819,26/10/2023,Australia,Desktop,Paid Ads,Fashion,9,3.77,0,1,151.38
1820,06/07/2024,India,Mobile,Paid Ads,Electronics,6,6.85,0,0,0.00
1821,29/10/2024,Canada,Tablet,Social Media,Sports,5,3.02,0,1,17.62
1822,18/09/2023,Canada,Tablet,Paid Ads,Sports,7,3.7,1,1,27.20
1823,06/11/2023,USA,Mobile,Direct,Electronics,4,3.59,0,0,0.00
1824,18/12/2024,UK,Mobile,Direct,Beauty,8,3.11,0,0,0.00
1825,22/03/2023,USA,Tablet,Referral,Beauty,6,7.56,0,0,0.00
1826,20/07/2024,Australia,Tablet,Social Media,Fashion,7,11.05,0,1,49.80
1827,16/05/2024,Germany,Desktop,Email,Fashion,4,4.85,0,0,0.00
1828,28/07/2024,USA,Mobile,Paid Ads,Electronics,10,9.59,0,1,129.01
1829,07/01/2024,Germany,Mobile,Social Media,Beauty,5,7.04,0,0,0.00
1830,14/03/2024,USA,Tablet,Direct,Fashion,7,4.25,0,0,0.00
1831,01/04/2023,USA,Mobile,Paid Ads,Beauty,3,2.85,1,1,131.70
1832,02/06/2024,Canada,Desktop,Direct,Home,6,7.83,1,0,0.00
1833,06/09/2024,Germany,Mobile,Email,Beauty,4,5.53,0,0,0.00
1834,27/11/2023,India,Tablet,Direct,Beauty,4,5.57,1,0,0.00
1835,16/12/2023,Australia,Desktop,Email,Sports,6,4.76,0,1,83.02
1836,20/03/2024,Australia,Tablet,Referral,Sports,5,7.59,1,0,0.00
1837,12/01/2023,Canada,Tablet,Direct,Electronics,7,7.25,1,0,0.00
1838,08/12/2024,Canada,Mobile,Email,Beauty,4,5.66,1,1,113.59
1839,07/11/2024,India,Mobile,Referral,Sports,7,7.73,0,0,0.00
1840,05/01/2024,Germany,Tablet,Organic Search,Sports,5,7.19,0,0,0.00
1841,05/10/2024,Germany,Tablet,Direct,Electronics,7,5.55,0,0,0.00
1842,21/06/2024,USA,Desktop,Email,Beauty,2,7.98,0,1,12.05
1843,29/09/2024,UK,Desktop,Email,Fashion,7,6.76,0,0,0.00
1844,10/08/2024,Germany,Desktop,Referral,Electronics,8,2.3,1,1,30.58
1845,20/07/2024,Australia,Tablet,Paid Ads,Beauty,2,4.76,1,1,68.34
1846,07/11/2023,Australia,Desktop,Organic Search,Books,7,5.11,0,0,0.00
1847,15/03/2024,Canada,Mobile,Paid Ads,Sports,5,5.84,1,1,34.02
1848,21/08/2023,Australia,Tablet,Paid Ads,Beauty,2,5.36,0,0,0.00
1849,25/10/2024,Germany,Desktop,Email,Electronics,6,6.15,0,0,0.00
1850,06/11/2023,USA,Desktop,Referral,Books,5,10.97,0,0,0.00
1851,02/08/2024,USA,Desktop,Organic Search,Home,13,4.54,1,0,0.00
1852,20/08/2023,UK,Tablet,Direct,Books,6,5.31,1,1,20.33
1853,05/04/2024,USA,Tablet,Direct,Electronics,6,5.95,0,0,0.00
1854,17/10/2024,India,Mobile,Direct,Beauty,6,5.06,1,0,0.00
1855,27/05/2023,Australia,Desktop,Organic Search,Sports,5,6.23,0,0,0.00
1856,18/11/2023,Australia,Desktop,Direct,Sports,10,4.63,1,1,61.28
1857,18/06/2023,Canada,Mobile,Email,Sports,7,7.91,0,0,0.00
1858,29/01/2024,Germany,Mobile,Paid Ads,Home,13,3.55,1,0,0.00
1859,22/08/2023,Canada,Tablet,Paid Ads,Fashion,4,7.28,0,0,0.00
1860,30/01/2024,USA,Mobile,Direct,Electronics,9,3.43,1,0,0.00
1861,22/07/2024,Germany,Desktop,Social Media,Books,5,5.31,0,1,25.90
1862,01/11/2024,Germany,Desktop,Direct,Fashion,9,6.51,1,1,53.17
1863,12/07/2024,India,Mobile,Paid Ads,Electronics,8,5.44,0,1,3.31
1864,24/03/2023,Canada,Desktop,Organic Search,Beauty,3,4.55,1,0,0.00
1865,11/07/2023,Germany,Desktop,Referral,Electronics,5,3.56,1,0,0.00
1866,26/12/2023,Canada,Desktop,Paid Ads,Fashion,6,7.25,1,0,0.00
1867,19/01/2024,Canada,Tablet,Email,Beauty,6,5.03,1,1,17.00
1868,18/01/2024,Germany,Desktop,Organic Search,Sports,9,7.16,1,1,153.76
1869,19/05/2023,Canada,Mobile,Paid Ads,Sports,4,6.06,0,0,0.00
1870,11/02/2024,UK,Tablet,Direct,Sports,8,6.55,1,0,0.00
1871,28/09/2024,USA,Mobile,Paid Ads,Fashion,6,5.63,1,1,20.46
1872,21/05/2024,India,Tablet,Social Media,Electronics,6,4.78,0,0,0.00
1873,16/06/2024,USA,Mobile,Direct,Sports,9,7.63,1,0,0.00
1874,14/09/2023,Canada,Desktop,Social Media,Electronics,8,5.4,1,1,18.99
1875,22/03/2024,India,Mobile,Email,Fashion,3,7.03,0,1,145.83
1876,12/04/2024,USA,Tablet,Social Media,Sports,5,1.95,0,1,10.24
1877,19/09/2023,Australia,Tablet,Direct,Sports,5,6.5,1,0,0.00
1878,08/12/2024,Canada,Tablet,Paid Ads,Beauty,8,5.6,1,0,0.00
1879,01/10/2023,Australia,Tablet,Social Media,Electronics,5,4.13,0,1,34.35
1880,08/08/2024,India,Desktop,Social Media,Home,7,5.46,0,0,0.00
1881,20/04/2024,Germany,Mobile,Email,Sports,7,6.23,0,0,0.00
1882,11/06/2024,India,Desktop,Email,Fashion,7,6.48,1,0,0.00
1883,05/07/2024,India,Tablet,Social Media,Home,11,5.65,0,1,116.87
1884,23/07/2024,Canada,Desktop,Referral,Fashion,6,7.34,0,0,0.00
1885,27/07/2024,Australia,Mobile,Referral,Electronics,10,7.23,0,0,0.00
1886,15/09/2024,India,Tablet,Direct,Books,8,9.21,0,1,123.78
1887,17/09/2023,Canada,Mobile,Email,Books,8,5.89,1,0,0.00
1888,03/01/2024,Australia,Tablet,Direct,Home,7,8.31,1,1,87.92
1889,22/11/2023,Germany,Tablet,Social Media,Home,4,4.3,0,0,0.00
1890,29/09/2023,Canada,Tablet,Referral,Home,5,1,0,1,223.74
1891,03/10/2024,USA,Tablet,Referral,Beauty,7,5.56,1,1,78.27
1892,05/02/2023,Canada,Tablet,Direct,Beauty,5,9.66,0,0,0.00
1893,27/06/2023,Germany,Mobile,Referral,Fashion,6,4.3,1,1,126.27
1894,07/01/2023,Australia,Desktop,Paid Ads,Electronics,5,8.28,1,0,0.00
1895,21/08/2023,India,Mobile,Email,Books,6,2.47,1,0,0.00
1896,30/05/2024,India,Tablet,Paid Ads,Sports,3,5,1,1,160.58
1897,06/07/2024,Germany,Desktop,Organic Search,Home,8,7.02,1,0,0.00
1898,11/01/2023,UK,Tablet,Direct,Fashion,7,5.72,1,1,70.26
1899,29/12/2023,India,Tablet,Paid Ads,Books,4,5.95,0,1,99.73
1900,06/04/2023,UK,Desktop,Organic Search,Home,5,5.64,0,0,0.00
1901,28/02/2023,UK,Tablet,Referral,Home,5,7.47,0,1,56.20
1902,07/02/2024,India,Mobile,Direct,Home,8,3.6,0,0,0.00
1903,09/09/2024,UK,Desktop,Direct,Sports,3,3.33,0,0,0.00
1904,20/04/2023,Canada,Mobile,Paid Ads,Fashion,7,2.69,0,1,62.29
1905,26/01/2023,UK,Desktop,Direct,Beauty,6,4.93,1,1,78.55
1906,22/07/2023,Germany,Mobile,Direct,Fashion,4,5.03,0,0,0.00
1907,25/09/2023,Germany,Mobile,Direct,Beauty,7,5.8,0,1,28.67
1908,08/11/2024,Canada,Desktop,Email,Beauty,6,9,1,0,0.00
1909,05/04/2024,Australia,Mobile,Referral,Home,8,6.5,0,0,0.00
1910,31/05/2023,Canada,Tablet,Direct,Home,1,5.17,1,1,124.58
1911,17/06/2024,Canada,Tablet,Organic Search,Fashion,10,3.15,0,0,0.00
1912,11/08/2024,Canada,Tablet,Social Media,Home,3,7.86,1,1,133.83
1913,26/10/2024,India,Mobile,Social Media,Electronics,6,8.03,0,0,0.00
1914,19/07/2024,UK,Desktop,Direct,Sports,3,4.26,0,1,35.85
1915,10/05/2023,USA,Tablet,Referral,Beauty,6,1.95,0,0,0.00
1916,14/05/2024,USA,Tablet,Organic Search,Home,4,6.45,0,1,27.73
1917,26/05/2023,Australia,Desktop,Direct,Electronics,6,7.07,0,1,158.91
1918,29/07/2023,UK,Desktop,Organic Search,Beauty,6,7.78,0,0,0.00
1919,19/10/2023,USA,Desktop,Email,Home,6,7.18,0,0,0.00
1920,14/12/2024,USA,Tablet,Social Media,Fashion,5,5.36,1,0,0.00
1921,22/01/2023,India,Desktop,Organic Search,Fashion,10,5.02,0,0,0.00
1922,16/05/2024,India,Desktop,Referral,Electronics,9,6.84,1,1,41.37
1923,09/04/2023,Germany,Tablet,Paid Ads,Fashion,9,7.07,0,0,0.00
1924,20/03/2023,UK,Desktop,Direct,Sports,7,5.83,0,1,34.61
1925,04/03/2024,UK,Desktop,Paid Ads,Electronics,7,8.7,1,0,0.00
1926,07/05/2023,Canada,Tablet,Paid Ads,Fashion,3,6.17,1,1,56.78
1927,02/11/2024,Australia,Mobile,Email,Beauty,1,5.18,1,1,35.79
1928,30/03/2024,Australia,Tablet,Organic Search,Electronics,5,1.95,0,1,90.75
1929,06/12/2023,UK,Mobile,Direct,Sports,7,8.37,1,1,211.43
1930,14/08/2024,India,Desktop,Email,Electronics,3,8.22,1,1,95.73
1931,28/05/2024,India,Tablet,Direct,Books,8,6.98,1,1,67.75
1932,13/04/2023,UK,Mobile,Referral,Home,8,6.16,1,1,275.31
1933,07/07/2024,Australia,Mobile,Social Media,Fashion,7,5.62,0,0,0.00
1934,18/12/2024,USA,Desktop,Social Media,Sports,7,5.11,1,0,0.00
1935,29/04/2024,UK,Desktop,Direct,Electronics,6,8.95,0,0,0.00
1936,16/11/2023,UK,Mobile,Paid Ads,Home,7,5.81,1,0,0.00
1937,25/07/2024,India,Mobile,Referral,Sports,6,6.42,0,1,212.62
1938,25/01/2024,Canada,Mobile,Paid Ads,Sports,6,6.07,0,1,17.64
1939,31/03/2024,UK,Tablet,Social Media,Home,2,5.9,0,0,0.00
1940,08/11/2023,USA,Tablet,Social Media,Sports,5,6.33,1,0,0.00
1941,25/03/2024,USA,Mobile,Organic Search,Home,7,6.85,0,1,62.29
1942,09/10/2023,Canada,Desktop,Referral,Beauty,3,7.5,0,0,0.00
1943,16/04/2023,India,Mobile,Organic Search,Beauty,5,3.54,1,1,236.77
1944,17/09/2024,Australia,Mobile,Organic Search,Beauty,2,5.17,0,0,0.00
1945,20/07/2024,India,Mobile,Email,Beauty,6,9.46,0,0,0.00
1946,10/09/2024,USA,Tablet,Referral,Sports,7,2.64,1,1,41.25
1947,20/08/2024,Australia,Tablet,Direct,Beauty,8,4.31,1,0,0.00
1948,18/01/2024,Canada,Desktop,Social Media,Home,6,5.36,1,0,0.00
1949,28/06/2023,USA,Tablet,Direct,Sports,3,8.23,0,0,0.00
1950,28/01/2024,India,Desktop,Referral,Fashion,4,5.12,0,0,0.00
1951,02/03/2024,India,Tablet,Email,Electronics,6,6.25,0,1,85.10
1952,16/08/2023,Germany,Desktop,Direct,Books,7,4.05,1,1,71.18
1953,17/01/2024,Australia,Desktop,Email,Fashion,12,5.62,1,1,111.61
1954,07/08/2024,USA,Mobile,Referral,Home,4,6.36,1,1,17.87
1955,03/08/2023,UK,Desktop,Paid Ads,Books,6,6.81,0,1,19.81
1956,04/04/2023,Australia,Desktop,Social Media,Beauty,10,3.17,0,0,0.00
1957,12/12/2023,Germany,Mobile,Organic Search,Beauty,6,2.79,0,1,78.18
1958,01/04/2024,India,Desktop,Email,Beauty,2,7.31,1,0,0.00
1959,29/09/2023,USA,Desktop,Social Media,Sports,3,6,0,0,0.00
1960,14/08/2024,Canada,Mobile,Referral,Electronics,6,5.96,1,1,113.84
1961,12/10/2024,Germany,Tablet,Organic Search,Home,6,8.38,1,0,0.00
1962,11/04/2023,Canada,Tablet,Organic Search,Home,2,9.52,0,1,158.17
1963,06/08/2023,Canada,Desktop,Email,Sports,6,6.99,0,0,0.00
1964,20/12/2024,Germany,Mobile,Referral,Fashion,7,6.74,0,0,0.00
1965,07/07/2023,Canada,Mobile,Email,Beauty,5,4.92,1,1,181.28
1966,24/11/2023,India,Desktop,Paid Ads,Books,9,9,1,0,0.00
1967,21/08/2023,Canada,Desktop,Email,Sports,7,3.59,0,0,0.00
1968,11/06/2024,UK,Tablet,Direct,Fashion,7,6.34,1,1,18.42
1969,13/01/2023,USA,Tablet,Direct,Electronics,5,6.51,0,0,0.00
1970,24/08/2024,Australia,Tablet,Referral,Beauty,6,9.02,1,0,0.00
1971,06/07/2024,India,Tablet,Referral,Beauty,8,6.53,0,1,80.37
1972,04/10/2024,UK,Tablet,Organic Search,Beauty,4,5.29,0,0,0.00
1973,30/08/2023,USA,Desktop,Email,Electronics,6,3.19,0,1,133.03
1974,21/07/2023,Canada,Mobile,Direct,Sports,8,5.41,1,1,107.67
1975,09/05/2023,Germany,Desktop,Email,Books,5,5.22,0,0,0.00
1976,02/03/2023,Australia,Mobile,Organic Search,Fashion,8,3.13,0,0,0.00
1977,25/06/2023,USA,Tablet,Direct,Electronics,11,6.25,0,0,0.00
1978,25/04/2023,USA,Tablet,Paid Ads,Beauty,3,1.4,1,0,0.00
1979,14/07/2023,Canada,Desktop,Email,Sports,10,8.75,0,0,0.00
1980,26/12/2023,Canada,Desktop,Paid Ads,Fashion,7,4.39,0,0,0.00
1981,30/07/2024,Australia,Desktop,Social Media,Sports,7,8.17,0,1,117.29
1982,17/06/2023,Australia,Desktop,Email,Books,6,4.95,1,1,112.04
1983,21/10/2023,UK,Mobile,Referral,Electronics,4,6.34,0,1,97.26
1984,21/09/2023,Canada,Tablet,Email,Fashion,4,8.53,1,1,182.43
1985,26/03/2023,UK,Mobile,Social Media,Sports,5,8.66,1,0,0.00
1986,29/10/2024,India,Mobile,Direct,Sports,9,5.7,1,1,87.28
1987,14/09/2024,UK,Mobile,Social Media,Electronics,6,5.53,0,0,0.00
1988,28/07/2023,USA,Desktop,Direct,Sports,4,5.09,1,1,75.03
1989,22/03/2024,Germany,Tablet,Social Media,Books,10,4.85,1,1,98.05
1990,10/02/2024,Germany,Desktop,Email,Beauty,12,5.92,1,0,0.00
1991,11/02/2024,Canada,Mobile,Direct,Fashion,3,8.5,1,0,0.00
1992,03/02/2024,Germany,Mobile,Paid Ads,Sports,3,5.97,0,0,0.00
1993,27/02/2023,Germany,Desktop,Email,Fashion,6,5.3,1,1,14.67
1994,16/11/2024,UK,Tablet,Paid Ads,Fashion,6,9.7,1,1,28.42
1995,24/09/2023,India,Mobile,Direct,Electronics,8,2.81,0,1,81.90
1996,26/12/2024,USA,Tablet,Email,Books,9,5.13,1,1,30.56
1997,14/11/2023,Germany,Mobile,Organic Search,Fashion,6,4.45,0,0,0.00
1998,08/02/2023,Australia,Desktop,Email,Books,7,2.83,1,0,0.00
1999,17/09/2024,Canada,Desktop,Referral,Fashion,6,5.03,1,1,52.55
2000,07/12/2023,Germany,Tablet,Email,Sports,4,7.23,0,1,61.48
2001,24/10/2023,Germany,Desktop,Social Media,Fashion,2,6.25,0,0,0.00
2002,20/06/2024,USA,Desktop,Referral,Electronics,6,6.99,0,0,0.00
2003,15/12/2023,Canada,Desktop,Direct,Fashion,5,5.94,0,1,53.51
2004,10/05/2023,Australia,Tablet,Social Media,Beauty,4,8.15,1,1,43.64
2005,21/12/2024,Canada,Tablet,Social Media,Electronics,7,3.65,1,0,0.00
2006,27/06/2023,India,Tablet,Email,Books,9,6.71,0,0,0.00
2007,08/10/2023,UK,Mobile,Referral,Beauty,12,6.03,0,1,71.31
2008,14/05/2023,Australia,Mobile,Paid Ads,Books,7,7.82,0,0,0.00
2009,05/02/2023,Australia,Tablet,Social Media,Beauty,1,4.96,1,0,0.00
2010,01/12/2024,Canada,Mobile,Referral,Sports,6,8.18,0,0,0.00
2011,29/01/2023,India,Mobile,Email,Books,7,7.53,0,0,0.00
2012,29/09/2024,Australia,Tablet,Direct,Electronics,9,6.74,0,1,54.68
2013,04/04/2023,Australia,Tablet,Referral,Sports,8,8.21,1,0,0.00
2014,21/03/2024,UK,Tablet,Organic Search,Home,8,5.84,0,0,0.00
2015,06/02/2023,Canada,Mobile,Email,Beauty,11,3.96,0,0,0.00
2016,26/06/2023,Canada,Desktop,Referral,Books,7,8.48,0,0,0.00
2017,27/12/2024,UK,Desktop,Social Media,Home,1,7.69,1,0,0.00
2018,01/05/2024,UK,Mobile,Organic Search,Books,7,6.78,0,1,161.87
2019,02/11/2024,Canada,Tablet,Social Media,Books,3,6.34,1,1,150.05
2020,24/06/2023,Canada,Desktop,Organic Search,Books,4,5.92,0,0,0.00
2021,26/07/2024,Germany,Tablet,Paid Ads,Sports,5,7.85,1,1,37.53
2022,30/09/2023,India,Tablet,Social Media,Books,10,8.39,1,1,60.27
2023,19/08/2023,Canada,Mobile,Social Media,Beauty,6,4.48,0,0,0.00
2024,31/12/2023,India,Mobile,Referral,Electronics,8,5.33,1,1,19.58
2025,25/07/2024,UK,Desktop,Paid Ads,Sports,9,5.26,1,0,0.00
2026,10/06/2024,UK,Desktop,Social Media,Electronics,3,6.79,0,1,46.00
2027,16/08/2023,Australia,Mobile,Referral,Fashion,5,10.52,0,0,0.00
2028,30/08/2023,Canada,Tablet,Paid Ads,Books,9,6.09,0,1,29.43
2029,22/12/2023,Germany,Desktop,Paid Ads,Home,9,7.65,1,0,0.00
2030,26/02/2023,Australia,Mobile,Email,Fashion,8,8.75,0,0,0.00
2031,17/06/2024,Canada,Mobile,Social Media,Electronics,6,3.4,1,1,41.32
2032,09/12/2023,USA,Tablet,Paid Ads,Beauty,6,6.23,0,0,0.00
2033,21/01/2023,Germany,Desktop,Paid Ads,Books,8,6.46,1,0,0.00
2034,13/08/2023,Germany,Tablet,Direct,Fashion,10,4.75,1,0,0.00
2035,28/07/2024,USA,Tablet,Direct,Home,4,7.41,0,0,0.00
2036,17/12/2024,India,Tablet,Social Media,Electronics,9,6.68,1,0,0.00
2037,09/05/2023,India,Mobile,Email,Beauty,6,8.52,0,1,58.56
2038,08/03/2023,Germany,Desktop,Email,Books,5,4.37,1,1,26.92
2039,11/12/2023,Canada,Mobile,Email,Books,9,5.56,1,0,0.00
2040,11/10/2023,Australia,Desktop,Email,Home,3,6.21,0,0,0.00
2041,29/01/2023,USA,Tablet,Email,Electronics,8,6.78,0,0,0.00
2042,09/09/2024,UK,Desktop,Email,Books,5,5.92,0,1,114.72
2043,12/02/2024,UK,Tablet,Direct,Electronics,5,2.95,0,0,0.00
2044,14/03/2024,India,Tablet,Direct,Home,4,2.95,0,0,0.00
2045,21/06/2024,Germany,Tablet,Direct,Home,4,7.51,0,0,0.00
2046,06/06/2023,UK,Desktop,Social Media,Electronics,5,11.17,0,1,14.53
2047,29/10/2024,UK,Tablet,Referral,Beauty,7,6.96,0,0,0.00
2048,06/04/2024,Germany,Tablet,Direct,Fashion,5,4.69,1,0,0.00
2049,27/02/2023,Australia,Tablet,Referral,Fashion,7,7.71,1,0,0.00
2050,13/05/2023,Canada,Desktop,Direct,Books,5,5.1,0,1,71.28
2051,26/02/2023,USA,Desktop,Referral,Electronics,11,4.16,0,1,104.59
2052,10/06/2023,Australia,Mobile,Organic Search,Electronics,9,7.66,0,0,0.00
2053,07/03/2024,Germany,Mobile,Referral,Electronics,6,5.89,1,0,0.00
2054,22/07/2023,Australia,Desktop,Social Media,Fashion,7,8.92,1,1,161.58
2055,22/12/2024,Australia,Desktop,Social Media,Fashion,8,5.46,0,1,48.11
2056,03/11/2024,India,Mobile,Referral,Electronics,6,6.8,0,0,0.00
2057,01/09/2024,India,Tablet,Direct,Fashion,3,5.63,0,1,24.13
2058,18/03/2023,Canada,Tablet,Organic Search,Books,5,4.22,1,0,0.00
2059,06/02/2024,India,Mobile,Referral,Fashion,5,1.7,0,0,0.00
2060,23/05/2024,Germany,Tablet,Direct,Sports,7,1.46,0,1,13.67
2061,20/08/2024,USA,Mobile,Direct,Fashion,4,6,0,0,0.00
2062,02/02/2024,UK,Desktop,Email,Books,3,5.57,0,0,0.00
2063,04/08/2024,India,Tablet,Email,Home,6,7.74,1,0,0.00
2064,25/04/2024,Germany,Tablet,Direct,Home,5,8.32,1,1,104.15
2065,22/02/2024,UK,Mobile,Organic Search,Home,11,11.49,0,0,0.00
2066,22/03/2024,India,Desktop,Email,Home,11,7.09,1,1,30.17
2067,27/12/2024,India,Desktop,Social Media,Fashion,7,6.37,0,0,0.00
2068,25/04/2023,Germany,Mobile,Email,Fashion,4,3.83,1,0,0.00
2069,25/08/2023,Canada,Desktop,Paid Ads,Books,10,3.82,1,1,62.26
2070,18/04/2024,Germany,Mobile,Paid Ads,Sports,14,4.13,0,1,57.44
2071,13/05/2024,Germany,Mobile,Referral,Books,7,6.95,0,0,0.00
2072,04/06/2023,India,Desktop,Direct,Home,5,3.6,0,1,78.27
2073,05/01/2023,India,Mobile,Organic Search,Electronics,12,4.86,0,1,58.30
2074,23/05/2024,Canada,Tablet,Social Media,Beauty,8,6.78,1,1,68.83
2075,23/12/2023,India,Desktop,Paid Ads,Books,4,5.7,1,1,281.65
2076,24/07/2023,Australia,Mobile,Organic Search,Books,7,5.44,1,0,0.00
2077,01/10/2024,Germany,Desktop,Paid Ads,Books,6,9.57,0,0,0.00
2078,05/11/2023,UK,Desktop,Referral,Electronics,6,4.48,1,1,111.62
2079,13/05/2023,Canada,Tablet,Email,Beauty,5,8.99,0,0,0.00
2080,01/07/2024,Germany,Desktop,Direct,Electronics,9,8.91,0,0,0.00
2081,14/05/2023,Canada,Mobile,Organic Search,Beauty,2,7.96,0,0,0.00
2082,06/02/2023,Australia,Desktop,Organic Search,Sports,3,6.98,0,1,25.66
2083,28/11/2024,Canada,Desktop,Social Media,Books,4,10.25,0,0,0.00
2084,20/02/2023,UK,Desktop,Organic Search,Books,10,2.31,0,1,48.49
2085,27/07/2023,Australia,Mobile,Social Media,Sports,9,3.97,0,1,36.10
2086,08/11/2024,UK,Mobile,Email,Home,7,7.85,0,1,34.95
2087,28/02/2024,Australia,Mobile,Paid Ads,Sports,8,8.46,1,0,0.00
2088,22/06/2024,India,Desktop,Direct,Fashion,8,1.91,0,0,0.00
2089,24/11/2024,UK,Tablet,Email,Electronics,5,7.75,0,1,70.10
2090,21/04/2024,Australia,Tablet,Social Media,Beauty,7,3,0,0,0.00
2091,01/08/2024,India,Tablet,Email,Books,7,7.03,1,1,42.05
2092,15/11/2023,USA,Mobile,Organic Search,Fashion,13,8.71,1,1,114.03
2093,16/04/2023,India,Tablet,Referral,Fashion,8,6,1,0,0.00
2094,24/06/2024,Germany,Desktop,Organic Search,Sports,6,5.13,0,0,0.00
2095,20/08/2023,Australia,Desktop,Email,Sports,6,7.51,0,0,0.00
2096,04/10/2024,Germany,Mobile,Organic Search,Home,2,6.81,1,0,0.00
2097,15/12/2024,India,Desktop,Direct,Electronics,9,4.05,0,1,48.42
2098,02/03/2024,Germany,Mobile,Paid Ads,Books,6,7.64,1,0,0.00
2099,17/01/2023,Australia,Tablet,Email,Books,5,9.32,1,0,0.00
2100,04/02/2024,Canada,Mobile,Direct,Sports,4,7.12,0,1,25.70
2101,06/02/2024,USA,Mobile,Organic Search,Books,4,4.48,1,0,0.00
2102,28/05/2023,USA,Desktop,Direct,Electronics,3,5.9,0,1,21.48
2103,09/12/2023,Germany,Tablet,Organic Search,Fashion,4,7.39,0,0,0.00
2104,26/08/2024,Australia,Tablet,Paid Ads,Electronics,8,7.71,0,1,158.09
2105,11/06/2024,USA,Tablet,Organic Search,Home,9,7.94,0,1,112.17
2106,30/12/2024,India,Desktop,Referral,Fashion,3,6.25,1,1,26.47
2107,14/09/2023,Canada,Mobile,Organic Search,Electronics,7,2.56,1,0,0.00
2108,14/05/2023,Germany,Tablet,Referral,Fashion,9,4.04,0,0,0.00
2109,08/07/2023,India,Mobile,Email,Home,6,6.32,1,0,0.00
2110,12/08/2023,Australia,Tablet,Email,Home,7,7.19,0,0,0.00
2111,30/12/2024,India,Tablet,Referral,Sports,7,5.55,0,0,0.00
2112,07/02/2023,USA,Desktop,Paid Ads,Electronics,5,2.28,0,1,42.20
2113,09/11/2023,Canada,Mobile,Social Media,Electronics,7,7.28,1,1,116.57
2114,07/04/2024,India,Desktop,Paid Ads,Beauty,5,7.14,0,1,44.27
2115,08/01/2024,USA,Tablet,Social Media,Sports,5,7.51,0,1,130.85
2116,03/10/2024,USA,Desktop,Paid Ads,Sports,9,5.59,1,0,0.00
2117,14/05/2023,India,Mobile,Organic Search,Books,4,8.69,1,1,39.74
2118,17/09/2023,Canada,Desktop,Paid Ads,Electronics,6,3.57,0,1,16.25
2119,26/03/2023,Germany,Mobile,Organic Search,Electronics,7,7.38,1,0,0.00
2120,18/04/2024,USA,Mobile,Direct,Books,6,5.68,0,0,0.00
2121,18/03/2024,Canada,Desktop,Email,Books,4,5.38,0,0,0.00
2122,07/01/2023,Germany,Tablet,Paid Ads,Fashion,5,7.64,1,0,0.00
2123,08/08/2023,USA,Tablet,Social Media,Sports,5,8.34,0,1,52.03
2124,22/04/2024,Germany,Desktop,Paid Ads,Fashion,4,5.66,0,0,0.00
2125,14/07/2024,Canada,Tablet,Organic Search,Sports,8,12.53,0,0,0.00
2126,11/02/2024,USA,Tablet,Email,Sports,8,5.29,1,0,0.00
2127,22/05/2024,India,Tablet,Social Media,Home,6,1.05,1,0,0.00
2128,23/06/2024,Germany,Mobile,Referral,Fashion,10,6.68,1,1,63.18
2129,03/09/2023,USA,Mobile,Referral,Electronics,5,5.8,1,0,0.00
2130,03/03/2024,Canada,Desktop,Referral,Sports,5,9.15,1,1,18.52
2131,10/07/2023,USA,Desktop,Direct,Books,7,5.05,0,0,0.00
2132,08/08/2024,USA,Desktop,Organic Search,Fashion,7,6.4,0,1,73.32
2133,02/06/2023,India,Mobile,Direct,Beauty,3,5.08,0,0,0.00
2134,20/02/2023,Germany,Mobile,Paid Ads,Books,7,5.73,1,0,0.00
2135,08/01/2023,India,Mobile,Direct,Home,4,7.12,0,0,0.00
2136,20/12/2024,UK,Mobile,Email,Home,4,5.54,0,0,0.00
2137,01/10/2023,UK,Tablet,Email,Electronics,9,5.27,1,1,45.99
2138,10/03/2023,India,Tablet,Organic Search,Sports,2,6.77,1,0,0.00
2139,25/07/2024,USA,Mobile,Organic Search,Beauty,11,4.24,1,1,84.42
2140,30/09/2023,Canada,Mobile,Organic Search,Fashion,8,3.96,1,0,0.00
2141,22/03/2023,Australia,Desktop,Referral,Sports,2,6.55,1,0,0.00
2142,08/11/2023,UK,Desktop,Paid Ads,Books,4,9.05,1,1,78.91
2143,26/02/2024,Australia,Desktop,Paid Ads,Electronics,7,5.93,0,0,0.00
2144,13/03/2024,UK,Mobile,Organic Search,Fashion,5,4.47,0,1,88.93
2145,11/09/2024,Australia,Desktop,Paid Ads,Beauty,4,7.03,0,0,0.00
2146,04/03/2024,USA,Mobile,Email,Sports,6,7.1,1,0,0.00
2147,14/12/2023,Germany,Mobile,Email,Fashion,5,5.58,0,0,0.00
2148,08/06/2024,USA,Tablet,Email,Fashion,1,5.78,1,1,82.60
2149,19/01/2023,Germany,Desktop,Paid Ads,Beauty,5,8.65,0,0,0.00
2150,15/05/2024,Australia,Mobile,Direct,Home,4,6.32,1,1,147.65
2151,31/08/2024,UK,Mobile,Social Media,Fashion,11,6.89,1,0,0.00
2152,19/06/2023,India,Tablet,Referral,Electronics,3,6.55,1,1,62.49
2153,09/06/2024,UK,Mobile,Organic Search,Beauty,10,7.62,0,1,73.30
2154,02/09/2024,Germany,Desktop,Paid Ads,Home,10,6.19,0,1,43.02
2155,04/07/2024,USA,Desktop,Referral,Fashion,6,8.72,1,0,0.00
2156,05/06/2023,Australia,Tablet,Paid Ads,Sports,7,7.62,0,0,0.00
2157,08/07/2023,Canada,Mobile,Organic Search,Beauty,5,6.16,0,0,0.00
2158,06/12/2023,Canada,Desktop,Paid Ads,Sports,5,8.9,0,0,0.00
2159,28/06/2023,Germany,Desktop,Social Media,Electronics,7,5.44,1,1,60.34
2160,20/01/2023,Australia,Desktop,Direct,Fashion,5,7.55,0,0,0.00
2161,28/01/2023,USA,Desktop,Email,Sports,6,5.12,0,0,0.00
2162,28/03/2024,USA,Tablet,Paid Ads,Sports,10,5.74,1,1,109.17
2163,26/06/2023,India,Desktop,Organic Search,Electronics,6,6.53,1,0,0.00
2164,01/05/2024,Germany,Tablet,Referral,Electronics,1,7.82,1,0,0.00
2165,08/02/2024,Germany,Tablet,Email,Beauty,10,6.69,0,1,13.96
2166,14/12/2024,Australia,Mobile,Email,Beauty,10,6.13,0,0,0.00
2167,12/03/2024,USA,Mobile,Referral,Electronics,7,8.05,1,0,0.00
2168,14/05/2024,Australia,Tablet,Email,Fashion,7,6.6,1,0,0.00
2169,01/07/2023,USA,Desktop,Social Media,Fashion,6,6.64,1,0,0.00
2170,31/08/2024,Australia,Mobile,Organic Search,Beauty,7,5.44,1,1,61.85
2171,09/05/2023,Australia,Desktop,Paid Ads,Books,6,4.03,1,0,0.00
2172,13/08/2023,Germany,Tablet,Direct,Sports,8,7.25,0,1,69.93
2173,15/12/2024,India,Desktop,Email,Fashion,10,4.32,1,1,144.71
2174,01/08/2024,Australia,Desktop,Paid Ads,Home,7,6.16,1,0,0.00
2175,04/02/2024,Australia,Desktop,Direct,Books,7,6.62,0,1,27.31
2176,15/02/2023,India,Tablet,Organic Search,Beauty,7,6.83,0,0,0.00
2177,01/10/2023,Australia,Desktop,Referral,Electronics,6,11.69,0,1,99.59
2178,01/12/2024,UK,Desktop,Social Media,Books,6,7.45,1,1,172.17
2179,04/07/2024,Canada,Tablet,Referral,Fashion,4,3.88,0,0,0.00
2180,29/04/2024,Australia,Mobile,Referral,Home,4,6.05,0,0,0.00
2181,27/12/2024,Australia,Mobile,Referral,Books,6,6.28,0,0,0.00
2182,31/01/2023,UK,Mobile,Organic Search,Beauty,10,6.73,0,1,337.52
2183,28/06/2023,UK,Desktop,Referral,Electronics,3,6.27,1,0,0.00
2184,02/12/2024,UK,Desktop,Paid Ads,Books,5,7.45,0,0,0.00
2185,20/10/2023,Canada,Tablet,Organic Search,Sports,8,4.33,1,1,41.21
2186,12/06/2023,Australia,Mobile,Paid Ads,Home,4,9.98,0,1,143.58
2187,28/11/2024,USA,Tablet,Organic Search,Books,4,1.11,0,0,0.00
2188,04/05/2024,Germany,Tablet,Referral,Books,6,4.03,0,1,52.01
2189,21/10/2023,USA,Tablet,Paid Ads,Home,7,5.9,1,0,0.00
2190,19/01/2023,UK,Desktop,Referral,Books,7,5.77,0,1,87.02
2191,23/03/2023,Germany,Desktop,Organic Search,Electronics,3,3.4,0,0,0.00
2192,04/12/2024,UK,Desktop,Email,Beauty,5,7.71,0,1,161.98
2193,24/03/2024,Canada,Tablet,Organic Search,Beauty,6,2.96,0,0,0.00
2194,23/01/2023,Australia,Tablet,Direct,Sports,9,4.3,0,0,0.00
2195,11/12/2023,UK,Desktop,Referral,Home,10,6.39,1,0,0.00
2196,05/02/2023,Australia,Tablet,Organic Search,Fashion,3,6.89,0,0,0.00
2197,28/10/2024,Germany,Mobile,Organic Search,Beauty,2,3.5,1,0,0.00
2198,07/12/2023,USA,Desktop,Organic Search,Electronics,6,6.01,0,0,0.00
2199,23/04/2024,USA,Desktop,Organic Search,Books,8,8.04,0,0,0.00
2200,14/01/2023,USA,Desktop,Paid Ads,Fashion,7,5.31,0,0,0.00
2201,08/05/2024,Canada,Tablet,Organic Search,Home,11,4.86,1,0,0.00
2202,17/08/2023,Germany,Tablet,Referral,Fashion,8,10.1,0,0,0.00
2203,04/01/2024,Germany,Desktop,Email,Beauty,8,8.55,1,0,0.00
2204,21/01/2024,Australia,Tablet,Organic Search,Home,5,4.37,0,1,36.41
2205,09/03/2024,USA,Mobile,Organic Search,Fashion,8,5.92,1,1,91.86
2206,15/12/2024,Canada,Tablet,Social Media,Beauty,3,1.95,1,0,0.00
2207,02/02/2023,Canada,Desktop,Direct,Books,4,7.93,0,0,0.00
2208,05/06/2023,UK,Desktop,Referral,Books,5,8.14,0,0,0.00
2209,27/10/2024,Australia,Tablet,Referral,Beauty,5,6.87,0,1,50.00
2210,07/02/2023,Germany,Desktop,Referral,Fashion,5,5.02,0,0,0.00
2211,01/08/2023,UK,Mobile,Social Media,Fashion,5,4.24,1,0,0.00
2212,03/07/2024,Germany,Desktop,Social Media,Electronics,5,6.92,0,1,58.42
2213,17/07/2024,USA,Desktop,Social Media,Beauty,5,6.76,0,0,0.00
2214,09/12/2023,USA,Tablet,Paid Ads,Books,4,3.9,1,0,0.00
2215,01/07/2023,Canada,Desktop,Paid Ads,Fashion,1,6.47,1,0,0.00
2216,11/11/2023,Australia,Tablet,Direct,Fashion,8,6.67,1,0,0.00
2217,15/06/2023,USA,Mobile,Organic Search,Electronics,5,5.39,1,0,0.00
2218,27/08/2023,UK,Tablet,Paid Ads,Beauty,6,7.23,1,1,23.69
2219,05/05/2024,UK,Desktop,Paid Ads,Fashion,7,6.64,0,0,0.00
2220,12/10/2024,Canada,Tablet,Organic Search,Books,9,9.14,0,0,0.00
2221,02/05/2023,UK,Desktop,Paid Ads,Home,7,4.52,0,1,122.19
2222,10/03/2023,Germany,Tablet,Paid Ads,Sports,4,2.09,1,1,70.83
2223,01/05/2023,UK,Mobile,Organic Search,Beauty,6,6.69,0,0,0.00
2224,28/08/2023,Germany,Mobile,Email,Home,5,7.69,1,1,95.18
2225,04/12/2023,USA,Mobile,Direct,Sports,7,5.6,1,0,0.00
2226,15/08/2023,Canada,Desktop,Direct,Books,5,9.42,0,0,0.00
2227,31/01/2023,UK,Desktop,Social Media,Sports,4,3.38,1,0,0.00
2228,19/04/2024,Australia,Mobile,Referral,Books,7,6.73,0,0,0.00
2229,09/03/2024,Germany,Desktop,Direct,Electronics,5,8.53,1,0,0.00
2230,25/11/2024,Australia,Desktop,Organic Search,Fashion,9,11.45,1,1,168.49
2231,13/12/2023,Australia,Tablet,Organic Search,Home,5,8.5,1,0,0.00
2232,30/01/2023,India,Desktop,Referral,Fashion,7,8.63,0,1,85.57
2233,29/07/2024,Germany,Desktop,Organic Search,Home,5,7.34,0,0,0.00
2234,25/07/2023,India,Tablet,Direct,Fashion,6,2.14,0,0,0.00
2235,19/02/2024,Canada,Tablet,Paid Ads,Home,5,3.04,0,0,0.00
2236,06/02/2024,USA,Mobile,Organic Search,Sports,9,6.31,1,1,192.34
2237,12/11/2024,Germany,Tablet,Direct,Electronics,2,6.44,0,1,115.86
2238,17/09/2023,Canada,Desktop,Paid Ads,Beauty,9,2.62,1,0,0.00
2239,04/01/2023,UK,Tablet,Referral,Sports,8,4.47,0,0,0.00
2240,08/08/2024,India,Tablet,Social Media,Beauty,7,4.19,1,0,0.00
2241,07/02/2023,USA,Tablet,Email,Home,4,6.35,1,0,0.00
2242,05/02/2023,Germany,Desktop,Organic Search,Home,5,6.69,0,0,0.00
2243,16/08/2023,UK,Desktop,Social Media,Beauty,9,5.63,0,1,24.63
2244,24/05/2023,Canada,Mobile,Paid Ads,Books,6,6.91,1,1,154.00
2245,25/11/2023,Germany,Tablet,Email,Beauty,9,7.72,1,0,0.00
2246,02/06/2024,UK,Mobile,Direct,Beauty,3,7.39,0,0,0.00
2247,08/03/2024,Australia,Desktop,Paid Ads,Sports,4,10.82,0,0,0.00
2248,21/03/2024,Canada,Mobile,Paid Ads,Fashion,7,4.23,1,0,0.00
2249,12/11/2024,UK,Desktop,Referral,Home,10,6.59,1,0,0.00
2250,07/04/2024,India,Tablet,Email,Electronics,6,7.21,1,1,198.32
2251,12/02/2023,India,Desktop,Direct,Home,7,5.1,1,1,70.23
2252,12/08/2024,Germany,Mobile,Referral,Beauty,2,7.15,0,1,37.68
2253,07/12/2024,Australia,Tablet,Paid Ads,Fashion,8,6.81,1,1,151.83
2254,17/06/2023,USA,Desktop,Social Media,Sports,12,8.31,0,1,60.50
2255,02/06/2024,Germany,Mobile,Social Media,Sports,7,7.73,0,0,0.00
2256,26/07/2023,UK,Desktop,Referral,Books,4,7.35,1,1,64.08
2257,16/01/2024,Germany,Mobile,Organic Search,Electronics,10,2.25,0,0,0.00
2258,23/09/2023,USA,Desktop,Social Media,Books,3,3.6,1,1,6.60
2259,23/07/2024,Australia,Desktop,Organic Search,Books,5,2.91,0,0,0.00
2260,08/01/2024,Australia,Desktop,Email,Fashion,6,3.34,0,1,77.31
2261,27/07/2023,Germany,Tablet,Direct,Fashion,7,9.02,0,0,0.00
2262,19/02/2024,India,Mobile,Social Media,Beauty,5,7.34,0,1,43.65
2263,09/09/2024,India,Tablet,Direct,Home,6,5.94,0,1,36.92
2264,23/12/2023,Canada,Desktop,Referral,Beauty,4,6.22,1,0,0.00
2265,26/05/2024,UK,Tablet,Direct,Beauty,4,4.77,1,0,0.00
2266,22/06/2023,Australia,Mobile,Social Media,Sports,7,7.75,0,1,82.43
2267,03/04/2024,Australia,Tablet,Organic Search,Home,4,7.22,0,0,0.00
2268,21/06/2023,USA,Tablet,Organic Search,Fashion,4,6.19,0,0,0.00
2269,21/06/2024,UK,Desktop,Direct,Fashion,10,9.27,1,1,4.81
2270,28/04/2023,UK,Mobile,Organic Search,Home,4,8.37,1,0,0.00
2271,29/05/2024,UK,Desktop,Direct,Home,12,8.69,0,1,35.10
2272,02/07/2024,India,Desktop,Social Media,Sports,7,5.86,0,0,0.00
2273,10/04/2024,Australia,Mobile,Referral,Fashion,6,7.38,0,0,0.00
2274,15/05/2023,Australia,Mobile,Organic Search,Sports,6,3.41,1,1,29.73
2275,11/11/2024,USA,Tablet,Social Media,Home,4,2.98,1,0,0.00
2276,20/04/2024,Australia,Desktop,Social Media,Books,8,5.1,0,1,171.52
2277,15/03/2024,Australia,Tablet,Social Media,Electronics,8,8,0,0,0.00
2278,23/08/2023,Canada,Tablet,Social Media,Fashion,10,4.95,1,1,79.23
2279,02/02/2023,India,Mobile,Referral,Home,4,8.99,1,1,16.44
2280,29/03/2024,UK,Desktop,Email,Home,6,6.84,1,0,0.00
2281,24/11/2023,USA,Mobile,Paid Ads,Fashion,7,4.96,0,0,0.00
2282,13/01/2024,Canada,Mobile,Paid Ads,Sports,6,6.45,0,1,92.91
2283,12/11/2023,Canada,Tablet,Referral,Sports,4,5.52,0,0,0.00
2284,06/12/2024,Australia,Tablet,Direct,Electronics,5,7.16,1,0,0.00
2285,02/01/2024,Germany,Desktop,Organic Search,Electronics,5,2.55,0,0,0.00
2286,17/01/2024,USA,Mobile,Email,Home,3,4.2,0,0,0.00
2287,11/07/2023,UK,Tablet,Social Media,Fashion,6,7.26,1,0,0.00
2288,18/05/2024,Germany,Tablet,Referral,Home,6,5.21,0,1,78.34
2289,15/04/2023,USA,Tablet,Social Media,Electronics,7,3.81,1,0,0.00
2290,01/06/2024,Australia,Mobile,Paid Ads,Fashion,7,5.73,0,0,0.00
2291,22/03/2023,Australia,Mobile,Direct,Fashion,6,7.57,1,1,41.46
2292,25/12/2023,UK,Mobile,Paid Ads,Fashion,9,4.06,1,1,7.07
2293,05/04/2023,India,Desktop,Direct,Electronics,7,4.45,1,0,0.00
2294,25/08/2023,India,Mobile,Email,Beauty,3,10.29,0,0,0.00
2295,01/02/2024,India,Mobile,Organic Search,Electronics,3,6.21,0,0,0.00
2296,27/04/2023,Australia,Tablet,Referral,Electronics,8,4.58,1,1,149.24
2297,12/10/2024,Germany,Mobile,Social Media,Electronics,3,4.19,1,1,38.08
2298,05/12/2024,India,Desktop,Direct,Electronics,5,6.01,0,0,0.00
2299,25/04/2023,India,Mobile,Referral,Fashion,7,6.86,0,0,0.00
2300,09/09/2023,Canada,Mobile,Paid Ads,Books,6,6.39,1,1,16.47
2301,06/05/2023,UK,Mobile,Organic Search,Fashion,6,6.58,0,0,0.00
2302,10/11/2024,Australia,Desktop,Referral,Home,8,5.66,0,0,0.00
2303,05/04/2024,UK,Mobile,Referral,Books,7,6.78,0,0,0.00
2304,08/08/2024,Canada,Mobile,Referral,Sports,6,8.58,1,1,17.44
2305,29/04/2024,India,Mobile,Referral,Electronics,3,5.56,1,0,0.00
2306,20/11/2024,Canada,Mobile,Direct,Fashion,5,6.52,0,1,134.57
2307,12/12/2024,UK,Mobile,Referral,Electronics,10,6.68,1,1,57.48
2308,17/09/2023,Australia,Mobile,Paid Ads,Sports,8,7.5,1,1,13.41
2309,29/06/2023,Australia,Desktop,Social Media,Books,3,4.66,1,1,176.17
2310,12/04/2023,Canada,Mobile,Email,Books,5,4.36,0,0,0.00
2311,07/11/2024,India,Mobile,Social Media,Beauty,12,6.68,1,1,40.18
2312,28/03/2023,Germany,Mobile,Referral,Fashion,7,5.56,0,0,0.00
2313,17/09/2023,Germany,Mobile,Social Media,Electronics,9,5.62,1,1,101.68
2314,11/06/2024,Germany,Mobile,Referral,Fashion,7,3.97,0,0,0.00
2315,09/12/2023,Germany,Desktop,Direct,Home,6,5.5,1,0,0.00
2316,08/08/2023,Canada,Tablet,Organic Search,Electronics,11,1.37,1,1,38.13
2317,03/09/2024,UK,Desktop,Organic Search,Beauty,8,7.63,0,0,0.00
2318,09/07/2024,UK,Desktop,Referral,Books,4,7.95,1,0,0.00
2319,05/08/2024,UK,Tablet,Email,Fashion,5,2.15,1,0,0.00
2320,10/04/2023,Canada,Desktop,Social Media,Beauty,4,7.23,1,1,82.86
2321,15/09/2024,USA,Mobile,Email,Books,7,6.37,1,0,0.00
2322,25/10/2024,UK,Mobile,Organic Search,Books,6,6.13,0,1,19.80
2323,24/11/2023,Germany,Tablet,Organic Search,Beauty,7,6.93,1,0,0.00
2324,21/07/2024,Germany,Tablet,Direct,Books,9,5.25,0,0,0.00
2325,28/10/2024,India,Mobile,Paid Ads,Beauty,3,4.84,0,0,0.00
2326,22/12/2023,Germany,Tablet,Referral,Electronics,2,5.77,0,0,0.00
2327,21/07/2024,Australia,Mobile,Organic Search,Home,10,4.67,1,1,42.54
2328,30/09/2024,USA,Desktop,Paid Ads,Sports,8,4.23,0,0,0.00
2329,27/09/2024,Germany,Mobile,Paid Ads,Beauty,9,7.91,1,1,88.77
2330,27/07/2023,Australia,Desktop,Social Media,Books,8,7.85,0,0,0.00
2331,12/10/2023,Canada,Tablet,Social Media,Books,7,5.47,1,0,0.00
2332,06/09/2024,Germany,Desktop,Email,Books,10,6.66,0,0,0.00
2333,23/11/2023,Canada,Desktop,Email,Sports,4,1.55,1,0,0.00
2334,28/07/2023,UK,Mobile,Email,Electronics,8,8.08,1,0,0.00
2335,11/02/2023,India,Desktop,Email,Beauty,6,9.25,1,1,123.24
2336,05/09/2023,USA,Tablet,Paid Ads,Electronics,7,5.58,0,0,0.00
2337,31/01/2023,India,Tablet,Organic Search,Electronics,5,7.51,1,1,71.82
2338,21/09/2024,Germany,Tablet,Organic Search,Fashion,6,7.49,0,0,0.00
2339,14/08/2023,Germany,Tablet,Direct,Home,6,7.36,0,0,0.00
2340,08/02/2024,USA,Desktop,Referral,Sports,4,7.8,0,0,0.00
2341,08/10/2023,India,Mobile,Direct,Sports,4,6.96,0,0,0.00
2342,13/10/2024,Germany,Desktop,Paid Ads,Home,4,5.76,0,1,54.67
2343,03/07/2023,Australia,Desktop,Email,Sports,2,5.44,0,0,0.00
2344,09/09/2023,UK,Tablet,Social Media,Sports,6,8.64,0,0,0.00
2345,01/03/2024,Canada,Mobile,Organic Search,Beauty,4,5.33,0,0,0.00
2346,27/11/2023,India,Desktop,Email,Home,3,7.1,1,0,0.00
2347,14/06/2024,Germany,Desktop,Email,Electronics,7,6.64,1,1,57.67
2348,29/06/2024,India,Mobile,Referral,Books,8,3.69,0,0,0.00
2349,05/12/2024,UK,Tablet,Paid Ads,Beauty,7,3.68,0,0,0.00
2350,31/05/2024,Germany,Mobile,Social Media,Books,5,8.32,1,0,0.00
2351,28/02/2023,Germany,Desktop,Organic Search,Sports,8,8.75,0,1,60.70
2352,16/08/2023,Australia,Desktop,Direct,Sports,6,5.88,0,0,0.00
2353,03/08/2023,Australia,Tablet,Referral,Beauty,4,5.52,0,0,0.00
2354,16/12/2024,Germany,Tablet,Paid Ads,Sports,4,2.25,0,1,50.64
2355,19/12/2023,India,Desktop,Social Media,Beauty,5,5.83,1,0,0.00
2356,19/01/2024,Canada,Desktop,Referral,Books,4,5.58,0,0,0.00
2357,17/08/2024,UK,Desktop,Social Media,Electronics,4,5.26,0,1,391.54
2358,09/09/2024,India,Tablet,Organic Search,Fashion,5,7.44,0,1,31.02
2359,14/01/2024,UK,Desktop,Direct,Sports,8,7.08,0,1,74.84
2360,11/07/2024,India,Tablet,Social Media,Beauty,2,5.95,0,0,0.00
2361,19/09/2024,India,Desktop,Social Media,Home,3,5.99,1,0,0.00
2362,01/06/2024,Germany,Desktop,Organic Search,Books,6,8.33,1,1,108.62
2363,09/09/2024,USA,Mobile,Paid Ads,Books,5,9.59,0,0,0.00
2364,01/03/2023,UK,Tablet,Organic Search,Books,7,4.91,0,0,0.00
2365,24/06/2023,India,Desktop,Organic Search,Home,6,6.08,1,0,0.00
2366,13/04/2023,USA,Mobile,Referral,Home,7,6.62,0,0,0.00
2367,29/03/2024,India,Desktop,Direct,Beauty,6,5.04,1,1,22.80
2368,01/05/2024,Canada,Tablet,Email,Home,3,5.02,0,1,187.93
2369,25/10/2023,India,Tablet,Email,Sports,6,4.7,1,0,0.00
2370,09/02/2024,India,Desktop,Email,Sports,7,5.91,1,0,0.00
2371,30/03/2024,Germany,Desktop,Referral,Electronics,8,2.16,0,1,66.09
2372,28/08/2023,Germany,Mobile,Direct,Books,9,8.81,0,1,183.19
2373,09/04/2023,USA,Desktop,Email,Sports,4,4.43,1,0,0.00
2374,04/06/2023,Australia,Desktop,Paid Ads,Sports,8,7.6,1,0,0.00
2375,31/08/2023,UK,Desktop,Email,Fashion,6,5.57,1,1,26.25
2376,29/01/2024,Germany,Tablet,Organic Search,Sports,7,4.34,1,1,58.73
2377,12/07/2023,USA,Desktop,Social Media,Electronics,9,4.69,0,1,91.08
2378,20/10/2024,UK,Tablet,Email,Fashion,7,1.76,0,0,0.00
2379,01/01/2023,Canada,Tablet,Organic Search,Books,5,5.53,1,0,0.00
2380,26/07/2023,Canada,Mobile,Referral,Home,6,7.65,1,0,0.00
2381,10/06/2024,UK,Mobile,Referral,Sports,5,6.43,0,1,125.47
2382,26/02/2024,Germany,Desktop,Paid Ads,Home,3,6.97,0,1,104.96
2383,01/01/2023,India,Tablet,Social Media,Sports,5,5.72,0,0,0.00
2384,07/02/2024,UK,Desktop,Direct,Sports,9,9.53,0,0,0.00
2385,01/03/2023,UK,Mobile,Email,Beauty,6,6.41,1,1,56.40
2386,08/02/2024,UK,Tablet,Referral,Beauty,7,7.92,0,0,0.00
2387,07/04/2024,Australia,Tablet,Paid Ads,Electronics,3,6.44,0,0,0.00
2388,29/09/2023,Australia,Tablet,Referral,Fashion,8,7.91,1,0,0.00
2389,21/06/2023,Canada,Desktop,Paid Ads,Books,10,4.87,1,1,166.37
2390,11/06/2024,Australia,Desktop,Social Media,Books,4,9.8,0,0,0.00
2391,29/07/2023,Canada,Tablet,Email,Sports,9,7.16,0,1,40.28
2392,08/08/2023,Australia,Tablet,Organic Search,Sports,4,8.8,0,1,16.06
2393,18/08/2023,USA,Desktop,Email,Fashion,3,7.9,0,0,0.00
2394,05/09/2024,USA,Mobile,Direct,Books,3,4.86,1,1,86.59
2395,05/07/2023,UK,Desktop,Email,Home,5,6.86,0,1,59.80
2396,17/12/2023,India,Tablet,Paid Ads,Beauty,4,7.42,0,1,41.97
2397,26/08/2023,UK,Desktop,Direct,Fashion,5,6.63,0,0,0.00
2398,01/12/2024,UK,Tablet,Referral,Fashion,8,7.27,0,0,0.00
2399,21/04/2024,Germany,Mobile,Organic Search,Fashion,8,1.83,1,1,91.72
2400,09/01/2024,USA,Mobile,Paid Ads,Home,5,3.96,0,0,0.00
2401,16/09/2024,Germany,Desktop,Referral,Beauty,4,5.68,0,0,0.00
2402,05/08/2024,Germany,Tablet,Organic Search,Fashion,5,5.19,1,1,43.74
2403,17/08/2023,USA,Desktop,Paid Ads,Electronics,5,5.45,1,1,54.53
2404,28/03/2023,UK,Desktop,Direct,Sports,8,2.59,1,0,0.00
2405,25/04/2023,USA,Tablet,Organic Search,Books,3,7.18,0,1,28.71
2406,07/05/2023,Germany,Mobile,Organic Search,Electronics,5,7.41,1,1,89.06
2407,13/01/2024,UK,Tablet,Social Media,Electronics,9,9.31,0,1,71.27
2408,20/02/2024,Germany,Desktop,Direct,Books,3,6.35,0,0,0.00
2409,15/01/2024,India,Desktop,Direct,Fashion,8,6.75,1,1,41.36
2410,15/08/2023,USA,Mobile,Referral,Books,6,5.43,1,0,0.00
2411,05/09/2024,Canada,Mobile,Referral,Books,8,5.59,0,0,0.00
2412,16/05/2023,Canada,Tablet,Social Media,Beauty,3,6.97,0,1,64.35
2413,14/04/2023,India,Mobile,Referral,Electronics,8,7.54,0,0,0.00
2414,28/02/2024,UK,Desktop,Referral,Books,3,4.39,0,0,0.00
2415,09/12/2024,Germany,Tablet,Direct,Fashion,7,5.33,1,0,0.00
2416,19/08/2024,Germany,Mobile,Paid Ads,Electronics,9,4.41,1,0,0.00
2417,13/05/2023,USA,Mobile,Social Media,Beauty,2,6.28,1,0,0.00
2418,27/11/2023,Germany,Desktop,Referral,Electronics,4,4.42,1,1,85.78
2419,19/10/2024,Germany,Tablet,Social Media,Books,7,7.66,1,1,36.14
2420,03/08/2023,India,Desktop,Referral,Beauty,5,6.06,1,1,37.64
2421,19/06/2024,Germany,Tablet,Paid Ads,Home,3,6.91,1,0,0.00
2422,10/10/2024,USA,Desktop,Email,Books,5,8.47,1,0,0.00
2423,01/03/2023,UK,Desktop,Organic Search,Books,4,3.16,0,0,0.00
2424,16/07/2023,Canada,Mobile,Direct,Books,7,3.62,1,0,0.00
2425,03/03/2024,India,Tablet,Direct,Fashion,4,7.29,1,0,0.00
2426,05/01/2023,UK,Tablet,Email,Home,5,6.97,1,1,49.94
2427,24/10/2023,Australia,Tablet,Social Media,Books,7,6.14,0,0,0.00
2428,09/12/2024,India,Tablet,Paid Ads,Beauty,9,4.26,0,1,55.45
2429,10/11/2023,Germany,Mobile,Email,Home,4,5.69,0,0,0.00
2430,28/08/2023,UK,Mobile,Paid Ads,Home,4,4.28,0,0,0.00
2431,19/04/2024,USA,Mobile,Email,Books,8,5.53,1,0,0.00
2432,02/12/2024,UK,Tablet,Email,Electronics,4,5.62,1,0,0.00
2433,31/05/2024,UK,Mobile,Email,Beauty,4,5.94,0,0,0.00
2434,22/05/2023,Australia,Desktop,Social Media,Books,6,6.18,0,0,0.00
2435,28/05/2024,Germany,Mobile,Paid Ads,Books,8,7.09,0,1,16.12
2436,04/12/2023,UK,Tablet,Organic Search,Home,10,6.41,1,0,0.00
2437,21/08/2023,Germany,Tablet,Direct,Sports,10,9.53,1,0,0.00
2438,12/11/2024,Australia,Desktop,Email,Books,5,8.19,0,0,0.00
2439,10/12/2024,India,Mobile,Direct,Books,7,9.31,1,1,118.25
2440,06/04/2023,USA,Tablet,Email,Books,8,6.01,1,1,58.89
2441,22/08/2024,USA,Mobile,Email,Fashion,9,6.28,1,0,0.00
2442,09/10/2023,Australia,Desktop,Social Media,Sports,7,6.52,0,1,87.87
2443,14/02/2024,India,Mobile,Paid Ads,Fashion,8,9.67,1,1,137.89
2444,16/02/2024,Canada,Tablet,Direct,Fashion,5,5.91,0,1,14.86
2445,19/07/2024,Canada,Tablet,Email,Home,7,6.47,0,0,0.00
2446,03/07/2024,Germany,Desktop,Direct,Fashion,6,5.02,1,1,44.98
2447,17/05/2024,UK,Mobile,Direct,Sports,5,7.13,0,0,0.00
2448,16/08/2024,UK,Desktop,Paid Ads,Electronics,8,6.02,1,1,179.27
2449,22/04/2023,Germany,Desktop,Paid Ads,Beauty,9,7.05,1,1,31.67
2450,22/10/2023,Germany,Tablet,Paid Ads,Electronics,7,5.83,1,0,0.00
2451,06/02/2024,India,Tablet,Direct,Sports,6,4.9,1,0,0.00
2452,05/02/2023,Australia,Mobile,Organic Search,Beauty,6,5.35,0,0,0.00
2453,29/05/2023,USA,Desktop,Direct,Fashion,5,8.82,1,1,108.36
2454,24/08/2024,India,Desktop,Referral,Beauty,8,5.56,0,1,65.21
2455,22/01/2023,Canada,Desktop,Paid Ads,Electronics,6,3.7,0,0,0.00
2456,16/05/2023,UK,Mobile,Referral,Electronics,11,8.14,0,0,0.00
2457,30/06/2024,India,Tablet,Referral,Beauty,7,8.57,1,1,149.40
2458,08/07/2024,Germany,Tablet,Email,Electronics,5,6.17,0,0,0.00
2459,18/07/2024,USA,Tablet,Paid Ads,Fashion,3,7.92,1,0,0.00
2460,05/09/2023,UK,Desktop,Direct,Beauty,5,2.02,0,0,0.00
2461,11/08/2023,Germany,Mobile,Email,Fashion,5,3.97,0,0,0.00
2462,25/01/2023,Canada,Mobile,Social Media,Books,4,6.34,1,1,23.14
2463,02/01/2023,Australia,Mobile,Email,Fashion,9,3.98,0,0,0.00
2464,17/07/2023,Germany,Mobile,Organic Search,Home,5,4.92,1,0,0.00
2465,07/07/2023,UK,Mobile,Referral,Beauty,5,9.63,1,0,0.00
2466,25/04/2023,USA,Desktop,Referral,Books,5,7.6,1,1,67.92
2467,21/10/2023,Australia,Desktop,Organic Search,Electronics,7,5.13,0,0,0.00
2468,03/10/2024,Germany,Mobile,Social Media,Books,7,5.59,1,1,96.60
2469,11/12/2024,Germany,Tablet,Paid Ads,Books,7,6.96,1,0,0.00
2470,14/01/2023,Germany,Tablet,Email,Books,6,3.66,1,0,0.00
2471,26/09/2024,Canada,Desktop,Organic Search,Electronics,9,7.49,1,1,37.48
2472,03/02/2023,Canada,Mobile,Organic Search,Home,10,9.99,1,1,27.87
2473,13/03/2024,USA,Desktop,Social Media,Sports,7,6.26,0,0,0.00
2474,09/08/2023,Australia,Tablet,Direct,Books,5,6.49,1,1,44.06
2475,29/12/2024,India,Mobile,Social Media,Sports,3,4.75,0,0,0.00
2476,06/04/2024,Canada,Desktop,Social Media,Beauty,7,7.38,1,1,87.60
2477,03/09/2023,Australia,Desktop,Paid Ads,Sports,6,5.16,1,0,0.00
2478,18/10/2023,India,Tablet,Paid Ads,Home,8,5.81,1,0,0.00
2479,20/11/2024,USA,Tablet,Email,Home,4,5.91,0,0,0.00
2480,03/04/2024,Germany,Mobile,Organic Search,Home,8,5.47,0,0,0.00
2481,30/10/2024,Australia,Tablet,Email,Fashion,3,7.12,1,0,0.00
2482,22/07/2024,UK,Mobile,Social Media,Electronics,9,4.17,0,0,0.00
2483,16/12/2023,USA,Desktop,Social Media,Books,7,8.06,0,0,0.00
2484,02/02/2023,UK,Desktop,Social Media,Home,6,6.37,1,1,15.93
2485,15/11/2024,Canada,Desktop,Referral,Home,3,4.24,0,1,18.73
2486,17/11/2023,Germany,Mobile,Social Media,Books,3,1.3,0,0,0.00
2487,18/12/2023,Germany,Mobile,Referral,Books,8,4.12,0,0,0.00
2488,06/01/2024,Australia,Desktop,Organic Search,Fashion,5,4.93,1,1,55.44
2489,22/11/2024,USA,Mobile,Paid Ads,Fashion,8,1,0,1,119.77
2490,23/05/2024,India,Desktop,Social Media,Fashion,6,6,1,1,27.15
2491,02/10/2023,Australia,Desktop,Email,Electronics,8,4,0,0,0.00
2492,06/01/2023,Germany,Mobile,Email,Home,10,7.19,1,1,48.73
2493,08/07/2023,Australia,Tablet,Email,Beauty,10,10.03,0,0,0.00
2494,04/04/2023,Germany,Mobile,Direct,Fashion,4,4.94,1,0,0.00
2495,17/04/2024,India,Desktop,Organic Search,Fashion,9,6.69,0,1,116.73
2496,28/10/2023,UK,Mobile,Paid Ads,Books,3,8.24,0,0,0.00
2497,25/06/2023,Canada,Desktop,Referral,Books,6,5.39,0,1,102.85
2498,28/12/2024,Canada,Mobile,Referral,Electronics,6,5.13,1,0,0.00
2499,26/03/2023,Canada,Tablet,Paid Ads,Beauty,6,5.65,0,0,0.00
2500,24/09/2023,India,Mobile,Email,Books,7,10.72,0,0,0.00
